-- phpMyAdmin SQL Dump
-- version 5.2.1
-- https://www.phpmyadmin.net/
--
-- Host: 127.0.0.1
-- Generation Time: Sep 23, 2025 at 08:00 AM
-- Server version: 10.4.32-MariaDB
-- PHP Version: 8.2.12

SET SQL_MODE = "NO_AUTO_VALUE_ON_ZERO";
START TRANSACTION;
SET time_zone = "+00:00";


/*!40101 SET @OLD_CHARACTER_SET_CLIENT=@@CHARACTER_SET_CLIENT */;
/*!40101 SET @OLD_CHARACTER_SET_RESULTS=@@CHARACTER_SET_RESULTS */;
/*!40101 SET @OLD_COLLATION_CONNECTION=@@COLLATION_CONNECTION */;
/*!40101 SET NAMES utf8mb4 */;

--
-- Database: `specanciensdb`
--

-- --------------------------------------------------------

--
-- Table structure for table `ims_candidates`
--

CREATE TABLE `ims_candidates` (
  `cand_id` int(10) NOT NULL,
  `cand_name` varchar(150) NOT NULL,
  `cand_cgpa` float DEFAULT NULL,
  `cand_backlogs` int(11) DEFAULT NULL,
  `cand_age` int(10) DEFAULT NULL,
  `cand_roll` varchar(10) DEFAULT NULL,
  `cand_dept` varchar(10) DEFAULT NULL,
  `status` varchar(50) DEFAULT 'Pending',
  `feedback_submitted` int(70) DEFAULT NULL
) ENGINE=InnoDB DEFAULT CHARSET=latin1 COLLATE=latin1_swedish_ci;

--
-- Dumping data for table `ims_candidates`
--

INSERT INTO `ims_candidates` (`cand_id`, `cand_name`, `cand_cgpa`, `cand_backlogs`, `cand_age`, `cand_roll`, `cand_dept`, `status`, `feedback_submitted`) VALUES
(1, 'N.Manisritham', 7.2, 4, 21, '21BK1A7241', 'AIDS-A', 'Pending', NULL),
(2, 'Tammanoru Siddhartha', 7.9, 2, 21, '21BK1A7255', 'AIDS-A', 'Pending', NULL),
(3, 'N.Navya Sree', 7, 2, 21, '21BK1A05D6', 'CSE-C', 'Pending', NULL),
(4, 'Cheerka Pranaya', 7.2, 2, 21, '21BK1A0549', 'CSE-A', 'Pending', NULL),
(5, 'Rakesh Kalluri ', 6, 2, 21, '21BK1A0214', 'EEE-A', 'Pending', NULL),
(6, 'Prakhar Vikram Singh ', 8.2, 1, 21, '21BK1A7246', 'AIDS-A', 'Pending', NULL),
(7, 'Nitturi Akshay Patel', 7.6, 1, 21, '21BK1A6687', 'AIML-B', 'Pending', NULL),
(8, 'Tharipi Sneha', 7.2, 1, 21, '21BK1A66C2', 'AIML-B', 'Pending', NULL),
(9, 'Dharani Vinay Kumar ', 6.8, 1, 21, '21BK1A6635', 'AIML-A', 'Pending', NULL),
(10, 'Namana Praveen Kumar', 7.2, 1, 21, '21BK1A7438', 'CSD-A', 'Pending', NULL),
(11, 'Gude Ajay Kumar ', 7, 1, 21, '22BK5A0509', 'CSE-B', 'Pending', NULL),
(12, 'Arakala Abhinay', 7, 1, 21, '21BK1A0520', 'CSE-A', 'Pending', NULL),
(13, 'Bharath Anjala', 7, 1, 21, '21BK1A0517', 'CSE-A', 'Pending', NULL),
(14, 'Kottam Madhusudhan Reddy ', 7.6, 1, 21, '21BK1A0459', 'ECE-A', 'Pending', NULL),
(15, 'Dudam Lokesh ', 6.9, 1, 21, '21BK1A0433', 'ECE-A', 'Pending', NULL),
(16, 'Anand Chekuri', 6.9, 1, 21, '21BK1A0428', 'ECE-A', 'Pending', NULL),
(17, 'Aleshwaram Rahul ', 7.1, 1, 21, '22BK5A0202', 'EEE-A', 'Pending', NULL),
(18, 'Jitta Ajay Kumar', 7.6, 1, 21, '21BK1A1247', 'IT-A', 'Pending', NULL),
(19, 'Gandi Priyanka ', 9.1, 0, 21, '21BK1A7215', 'AIDS-A', 'Pending', NULL),
(20, 'Naresh Bista ', 7.8, 0, 21, '21BK1A7239', 'AIDS-A', 'Pending', NULL),
(21, 'Pilla Hemamalini ', 8.5, 0, 21, '21BK1A7243', 'AIDS-A', 'Pending', NULL),
(22, 'Archana Akella ', 8.1, 0, 21, '21BK1A6603', 'AIML-A', 'Pending', NULL),
(23, 'R Anirudh', 7.5, 0, 21, '21BK1A66A3', 'AIML-B', 'Pending', NULL),
(24, 'Pullakaram James ', 8.4, 0, 21, '21BK1A6697', 'AIML-B', 'Pending', NULL),
(25, 'Kattla Bhargava Sai', 8.4, 0, 21, '21BK1A6660', 'AIML-A', 'Pending', NULL),
(26, 'Jilla Tulasi Rajasree ', 8.7, 0, 21, '21BK1A6653', 'AIML-A', 'Pending', NULL),
(27, 'Kaulas Yogesh', 7.6, 0, 21, '22BK5A6607', 'AIML-B', 'Pending', NULL),
(28, 'Mynam Dinesh Kumar ', 8.9, 0, 21, '21BK1A6680', 'AIML-B', 'Pending', NULL),
(29, 'Pasala Alekhya ', 8.8, 0, 21, '21BK1A6691', 'AIML-B', 'Pending', NULL),
(30, 'Penugonda Srinivas Babu ', 9.6, 0, 21, '21BK1A6693', 'AIML-B', 'Pending', NULL),
(31, 'K Nithish Reddy ', 7, 0, 21, '21BK1A6657', 'AIML-A', 'Pending', NULL),
(32, 'Kandukuri Naveen Kumar', 9, 0, 21, '21BK1A7426', 'CSD-A', 'Pending', NULL),
(33, 'Gaddam Sai Kulwanth Reddy ', 7.2, 0, 21, '21BK1A7418', 'CSD-A', 'Pending', NULL),
(34, 'Sallagarige Avinash ', 7.5, 0, 21, '21BK1A7445', 'CSD-A', 'Pending', NULL),
(35, 'Gaddam Lakshmi Anusha ', 8.2, 0, 21, '21BK1A0563', 'CSE-A', 'Pending', NULL),
(36, 'Joshi Amulya ', 8.2, 0, 21, '21BK1A0581', 'CSE-B', 'Pending', NULL),
(37, ' Chinthakunta Chandu', 7.8, 0, 21, '22BK5A0507', 'CSE-B', 'Pending', NULL),
(38, 'Chiguru Pavani', 8, 0, 21, '21BK1A0550', 'CSE-A', 'Pending', NULL),
(39, 'Dhruv Y Thacker', 8.2, 0, 21, '21BK1A0555', 'CSE-A', 'Pending', NULL),
(40, 'Abdul Pakeer Sajjid Ali', 8.8, 0, 21, '21BK1A0503', 'CSE-A', 'Pending', NULL),
(41, 'D. Kaveri', 8.1, 0, 21, '21BK1A0552', 'CSE-A', 'Pending', NULL),
(42, 'Enduri Pravalika ', 7.8, 0, 21, '21BK1A0560', 'CSE-A', 'Pending', NULL),
(43, 'Chanti Ashwitha', 7.9, 0, 21, '21BK1A0547', 'CSE-A', 'Pending', NULL),
(44, 'Bochre Rohit', 6.9, 0, 21, '21BK1A0538', 'CSE-A', 'Pending', NULL),
(45, 'Kouda Bhandavi', 7.2, 0, 21, '21BK1A0598', 'CSE-B', 'Pending', NULL),
(46, 'Maddikunta Harshitha', 7.6, 0, 21, '21BK1A05A5', 'CSE-B', 'Pending', NULL),
(47, 'Afreen Begum ', 8, 0, 21, '21BK1A0507', 'CSE-A', 'Pending', NULL),
(48, 'Bathina Thanish Krishna ', 7.6, 0, 21, '21BK1A0531', 'CSE-A', 'Pending', NULL),
(49, 'D Trinath Reddy ', 8, 0, 21, '21BK1A0556', 'CSE-A', 'Pending', NULL),
(50, 'Ponna Sarith Kumar ', 7.6, 0, 21, '21BK1A05F1', 'CSE-C', 'Pending', NULL),
(51, 'Kunchala Kumar', 8, 0, 21, '21BK1A05A0', 'CSE-B', 'Pending', NULL),
(52, 'Bacham Mamatha ', 8.4, 0, 21, '21BK1A0524', 'CSE-A', 'Pending', NULL),
(53, 'Begari Praminna ', 7.6, 0, 21, '21BK1A0532', 'CSE-A', 'Pending', NULL),
(54, 'Reeshap Kumar ', 8.9, 0, 21, '22BK5A0517', 'CSE-C', 'Pending', NULL),
(55, 'Abbisetti Jhanavi', 8.2, 0, 21, '21BK1A0502', 'CSE-A', 'Pending', NULL),
(56, 'Aila Nithinkumar', 7.6, 0, 21, '21BK1A0509', 'CSE-A', 'Pending', NULL),
(57, 'Vodnala Ashwith', 7, 0, 21, '21BK1A05K1', 'CSE-C', 'Pending', NULL),
(58, 'Vatte Karthik', 7.5, 0, 21, '21BK1A05J7', 'CSE-C', 'Pending', NULL),
(59, 'G . Divya', 8.4, 0, 21, '21BK1A0562', 'CSE-A', 'Pending', NULL),
(60, 'R Hari Vijay', 8.2, 0, 21, '21BK1A05F8', 'CSE-C', 'Pending', NULL),
(61, 'Prashanth Chowdary ', 7.5, 0, 21, '22BK5A7405', 'CSG-A', 'Pending', NULL),
(62, 'Gaddameedi Yuvaraj ', 7.2, 0, 21, '21BK1A7419', 'CSG-A', 'Pending', NULL),
(63, 'Chiluveri Rahul', 7.8, 0, 21, '21BK1A7410', 'CSG-A', 'Pending', NULL),
(64, 'Srungarapu Pranay Teja ', 7.4, 0, 21, '22BK1A7447', 'CSG-A', 'Pending', NULL),
(65, 'Madishetti Venu ', 7, 0, 21, '21BK1A0465', 'ECE-A', 'Pending', NULL),
(66, 'Koneti Supraja', 8.2, 0, 21, '21BK1A0456', 'ECE-A', 'Pending', NULL),
(67, 'Tata Suvarsha ', 7.8, 0, 21, '21BK1A04B1', 'ECE-B', 'Pending', NULL),
(68, 'G Nithish Kumar', 6.7, 0, 21, '21BK1A0435', 'ECE-A', 'Pending', NULL),
(69, 'B Saikumar Reddy ', 8.3, 0, 21, '21BK1A0414', 'ECE-A', 'Pending', NULL),
(70, 'Chatla Vaishnavi', 8.7, 0, 21, '21BK1A0425', 'ECE-A', 'Pending', NULL),
(71, 'Kovvuri Subhakar ', 8.9, 0, 21, '21BK1A0460', 'ECE-A', 'Pending', NULL),
(72, 'M Kiran Kalyan Reddy ', 7.1, 0, 21, '21BK1A0473', 'ECE-B', 'Pending', NULL),
(73, 'Koppisetti Thanushma Shivani ', 8.9, 0, 21, '22BK5A0410', 'ECE-B', 'Pending', NULL),
(74, 'Aragonda Akshaya ', 7.8, 0, 21, '21BK1A0409', 'ECE-A', 'Pending', NULL),
(75, 'Bodannagari Sushmitha Reddy ', 9, 0, 21, '21BK1A0202', 'EEE-A', 'Pending', NULL),
(76, 'Jeedi Narendar ', 8.1, 0, 21, '22BK5A0219', 'EEE-A', 'Pending', NULL),
(77, 'Vantapati Satya Sandeep ', 8, 0, 21, '21BK1A0218', 'EEE-A', 'Pending', NULL),
(78, 'Sunkoju Tharun Teja ', 7.5, 0, 21, '22BK5A0239', 'EEE-A', 'Pending', NULL),
(79, 'Banothu Vikas', 7.8, 0, 21, '22BK5A0203', 'EEE-A', 'Pending', NULL),
(80, 'E.Vyshnavi Reddy', 7.3, 0, 21, '21BK1A0203', 'EEE-A', 'Pending', NULL),
(81, 'Nadimetla Sritej ', 8.1, 0, 21, '22BK5A0232', 'EEE-A', 'Pending', NULL),
(82, 'Kanakanti Venkata Sai Anand', 8.4, 0, 21, '22BK5A0223', 'EEE-A', 'Pending', NULL),
(83, 'Varukolu Murari ', 7.2, 0, 21, '22BK5A0241', 'EEE-A', 'Pending', NULL),
(84, 'Reddy Harinarayana ', 7.7, 0, 21, '22BK5A0237', 'EEE-A', 'Pending', NULL),
(85, 'K Muktha Nanda ', 7.4, 0, 21, '22BK5A1208', 'IT-B', 'Pending', NULL),
(86, 'Yellaiahgari Manish Kumar Reddy', 7.9, 0, 21, '21BK1A12C9', 'IT-B', 'Pending', NULL),
(87, 'Ettedi Shruthi ', 7.4, 0, 21, '21BK1A1236', 'IT-A', 'Pending', NULL),
(88, 'Jayanth Manganuru ', 7.3, 0, 21, '21BK1A1271', 'IT-B', 'Pending', NULL),
(89, 'Ranjith Matthew Kasi', 7.1, 0, 21, '21BK1A1254', 'IT-A', 'Pending', NULL),
(90, 'Ummigari Yashaswini ', 8.6, 0, 21, '21BK1A12B8', 'IT-B', 'Pending', NULL),
(91, 'Padakanti Vishnu Ganesh Goud', 8.2, 0, 21, '21BK1A1289', 'IT-B', 'Pending', NULL),
(92, 'Bhadrachalam Khagesh Kumar ', 7.9, 0, 21, '22BK5A1204', 'IT-B', 'Pending', NULL),
(93, 'Meghavath Seva ', 8.6, 0, 21, '21BK1A1274', 'IT-B', 'Pending', NULL),
(94, 'Salibindla Nisha Reddy ', 7.8, 0, 21, '21BK1A12A2', 'IT-B', 'Pending', NULL),
(95, 'Jadav Ganesh ', 7.4, 0, 21, '21BK1A1246', 'IT-A', 'Pending', NULL),
(96, 'Punna Sai Ganesh', 8.8, 0, 21, '21BK1A1298', 'IT-B', 'Pending', NULL),
(97, 'Bingi.Manish Kumar', 8.8, 0, 21, '21BK1A1220', 'IT-A', 'Pending', NULL),
(98, 'Baddam Prathyusha Reddy', 7, 0, 21, '21BK1A1214', 'IT-A', 'Pending', NULL),
(99, 'Ajay Kulkarni', 8.4, 0, 21, '21BK1A1261', 'IT-A', 'Pending', NULL),
(100, 'D Harishwar Reddy ', 5.5, 11, 21, '21BK1A0431', 'ECE-A*', 'Pending', NULL),
(101, 'P Abhilash', 7, 9, 21, '21BK1A05E7', 'CSE-C*', 'Pending', NULL),
(102, 'Gopinadh ', 5, 8, 21, '21BK1A7459', 'CSD-A*', 'Pending', NULL),
(103, 'Chatla Abhilash Vardhan ', 6.5, 6, 21, '21BK1A6626', 'AIML-A', 'Pending', NULL),
(104, 'Hanumanth Joseph', 6.3, 6, 21, '21BK1A0443', 'ECE-A*', 'Pending', NULL),
(105, 'B Timothy Shyam ', 6, 6, 21, '21BK1A1221', 'IT-A*', 'Pending', NULL),
(106, 'Jaswanthi Vemulapalli ', 5.4, 6, 21, '21BK1A66C8', 'AIML-B', 'Pending', NULL),
(107, 'Bakaygar Tirupati ', 6.9, 5, 21, '21BK1A7204', 'AIDS-A', 'Pending', NULL),
(108, 'Gyanmotay Vikas', 0, 5, 21, '21BK1A7222', 'AIDS-A', 'Pending', NULL),
(109, 'Ram Mohan Batthula ', 6.5, 5, 21, '21BK1A1217', 'IT-A*', 'Pending', NULL),
(110, 'Shaik Nayab Rasool ', 7.1, 5, 21, '21BK1A04A6', 'ECE-B*', 'Pending', NULL),
(111, 'B.Krishna Kumari ', 6.8, 4, 21, '21BK1A0530', 'CSE-A*', 'Pending', NULL),
(112, 'Yemineni Venkat Sai ', 6, 4, 21, '21BK1A04C1', 'ECE-B*', 'Pending', NULL),
(113, 'Kasara Jagadeesh Sriramsai ', 6.2, 4, 21, '21BK1A0452', 'ECE-A*', 'Pending', NULL),
(114, 'B Vinay Kumar ', 7.6, 4, 21, '21BK1A0421', 'ECE-A*', 'Pending', NULL),
(115, 'Palle Kishor ', 6.3, 3, 21, '21BK1A7242', 'AIDS-A', 'Pending', NULL),
(116, 'Mudavath Karthik', 6.9, 3, 21, '21BK1A7234', 'AIDS-A', 'Pending', NULL),
(117, 'Mohammad Abdul Wasay ', 6.2, 3, 21, '21BK1A7233', 'AIDS-A', 'Pending', NULL),
(118, 'Valluri Dinesh ', 6.7, 2, 21, '21BK1A7259', 'AIDS-A', 'Pending', NULL),
(119, 'Praneeth Venkat Satya Raju ', 7, 2, 21, '21BK1A7247', 'AIDS-A', 'Pending', NULL),
(120, 'K Yashwanth Raj', 7.2, 1, 21, '22BK5A7203', 'AIDS-A', 'Pending', NULL),
(121, 'Sai Kiran ', 7.5, 1, 21, '22BK5A7201', 'AIDS-A', 'Pending', NULL),
(122, 'Volluri Manojkar', 7.5, 1, 21, '21BK1A7264', 'AIDS-A', 'Pending', NULL),
(123, 'Murarishetty Shiva Karthik', 6.9, 1, 21, '21BK1A7236', 'AIDS-A', 'Pending', NULL),
(124, 'Shivam Sharma ', 6.7, 1, 21, '21BK1A7252', 'AIDS-A', 'Pending', NULL),
(125, 'G. Madhurima ', 8, 1, 21, '21BK1A7219', 'AIDS-A', 'Pending', NULL),
(126, 'Nallam Dhananjay', 8.4, 0, 21, '21BK1A7238', 'AIDS-A', 'Pending', NULL),
(127, 'Poonam Mane ', 8.7, 0, 21, '21BK1A7244', 'AIDS-A', 'Pending', NULL),
(128, 'Gaddam Nithin Reddy', 7.7, 0, 21, '21BK1A7214', 'AIDS-A', 'Pending', NULL),
(129, 'G.Abhinaya', 7.5, 0, 21, '21BK1A7217', 'AIDS-A', 'Pending', NULL),
(130, 'Vanga Kumar Goud ', 7.2, 0, 21, '21BK1A7261', 'AIDS-A', 'Pending', NULL),
(131, 'Sai Sindhusha Singupuram ', 8.5, 0, 21, '21BK1A7250', 'AIDS-A', 'Pending', NULL),
(132, 'Kasilanka Shanmukha Hari Kiran Vamsi', 8.8, 0, 21, '21BK1A7227', 'AIDS-A', 'Pending', NULL),
(133, 'Doddi Keerthana ', 7.6, 0, 21, '21BK1A7211', 'AIDS-A', 'Pending', NULL),
(134, 'M Nikhil ', 6.9, 0, 21, '21BK1A7237', 'AIDS-A', 'Pending', NULL),
(135, 'Kaeetham Pally Sai Krishna ', 8, 0, 21, '21BK1A7224', 'AIDS-A', 'Pending', NULL),
(136, 'Puram Prem Chand', 7.2, 0, 21, '21BK1A7248', 'AIDS-A', 'Pending', NULL),
(137, 'Rayarala Salvatore ', 7.3, 0, 21, '21BK1A7249', 'AIDS-A', 'Pending', NULL),
(138, 'Dyavadi Abhinay Reddy', 7.9, 0, 21, '21BK1A7212', 'AIDS-A', 'Pending', NULL),
(139, 'Munagala Vineeth', 8.1, 0, 21, '21BK1A7235', 'AIDS-A', 'Pending', NULL),
(140, 'Srikanta Peshwakar', 8.2, 0, 21, '21BK1A7253', 'AIDS-A', 'Pending', NULL),
(141, 'Dasari Geetha Sravya ', 8.1, 0, 21, '21BK1A7210', 'AIDS-A', 'Pending', NULL),
(142, 'Kondaparthy Vishal ', 8.4, 0, 21, '21BK1A7229', 'AIDS-A', 'Pending', NULL),
(143, 'Chaganti Suryanarayana Murthy ', 8.6, 0, 21, '21BK1A7207', 'AIDS-A', 'Pending', NULL),
(144, 'Chanchala Dileep ', 7.3, 0, 21, '21BK1A7208', 'AIDS-A', 'Pending', NULL),
(145, 'Pothireddy Harshini ', 8.3, 0, 21, '21BK1A7245', 'AIDS-A', 'Pending', NULL),
(146, 'Komatireddy Lahari', 8.5, 0, 21, '21BK1A7228', 'AIDS-A', 'Pending', NULL),
(147, 'Ghantasala Alekya ', 8.9, 0, 21, '21BK1A7218', 'AIDS-A', 'Pending', NULL),
(148, 'Vadlakonda Dhruva Teja ', 7, 0, 21, '21BK1A7258', 'AIDS-A', 'Pending', NULL),
(149, 'Kusthapuram Vineela', 8.5, 0, 21, '21BK1A7232', 'AIDS-A', 'Pending', NULL),
(150, 'Ankapuram Bhavana', 7.8, 0, 21, '21BK1A7203', 'AIDS-A', 'Pending', NULL),
(151, 'Basara Lucky', 8.2, 0, 21, '21BK1A7205', 'AIDS-A', 'Pending', NULL),
(152, 'Thota Saiteja', 7.6, 0, 21, '21BK1A7256', 'AIDS-A', 'Pending', NULL),
(153, 'Chekkilla Sampath Goud', 6.7, 3, 21, '21BK1A6629', 'AIML-A', 'Pending', NULL),
(154, 'Amgoth Prashanth ', 7.2, 2, 21, '21BK1A6609', 'AIML-A', 'Pending', NULL),
(155, 'Kotturu Tarun', 7, 1, 21, '21BK1A6661', 'AIML-A', 'Pending', NULL),
(156, 'Mohammed Afsar ', 7.2, 1, 21, '21BK1A6672', 'AIML-A', 'Pending', NULL),
(157, 'Mekala Balraj', 7.5, 1, 21, '21BK1A6669', 'AIML-A', 'Pending', NULL),
(158, 'Saidam Vamshi Krishna', 6.6, 1, 21, '22BK5A7205', 'AIDS-A', 'Pending', NULL),
(159, 'Sai Pavan', 7, 1, 21, '21BK1A6614', 'AIML-A', 'Pending', NULL),
(160, 'Govindu Anthony Abhishek ', 8, 0, 21, '21BK1A6652', 'AIML-A', 'Pending', NULL),
(161, 'Chevalla Nithin ', 8.1, 0, 21, '21BK1A6630', 'AIML-A', 'Pending', NULL),
(162, 'Gaddam Srinitha Reddy', 8.9, 0, 21, '21BK1A6644', 'AIML-A', 'Pending', NULL),
(163, 'Chekka Ruthikapriya ', 8.9, 0, 21, '21BK1A6628', 'AIML-A', 'Pending', NULL),
(164, 'Gattu Mani Shankar Goud ', 7.8, 0, 21, '21BK1A6646', 'AIML-A', 'Pending', NULL),
(165, 'Alwala Kavya ', 7.8, 0, 21, '21BK1A6608', 'AIML-A', 'Pending', NULL),
(166, 'Dharani Chowdary', 7.5, 0, 21, '21BK1A6665', 'AIML-A', 'Pending', NULL),
(167, 'Gottemukkala Charan Sai ', 7.3, 0, 21, '21BK1A6638', 'AIML-A', 'Pending', NULL),
(168, 'Abhinaya Bondalapati', 8.5, 0, 21, '21BK1A6622', 'AIML-A', 'Pending', NULL),
(169, 'B.Haripriyanka', 8, 0, 21, '21BK1A6617', 'AIML-A', 'Pending', NULL),
(170, 'Bandaru Mukul ', 8, 0, 21, '21BK1A6618', 'AIML-A', 'Pending', NULL),
(171, 'Gaddam Deena Reddy ', 7.5, 0, 21, '21BK1A6643', 'AIML-A', 'Pending', NULL),
(172, 'Bachuwar Nithanya ', 8, 0, 21, '21BK1A6611', 'AIML-A', 'Pending', NULL),
(173, 'Kasu Mary Rishtha Reddy', 8.5, 0, 21, '21BK1A6658', 'AIML-A', 'Pending', NULL),
(174, 'Dayapule Venkatesh ', 8, 0, 21, '21BK1A6633', 'AIML-A', 'Pending', NULL),
(175, 'Baddam Harini Reddy ', 8.9, 0, 21, '21BK1A6612', 'AIML-A', 'Pending', NULL),
(176, 'Allu Manoj Reddy', 8.4, 0, 21, '21BK1A6606', 'AIML-A', 'Pending', NULL),
(177, 'Genavi Gyaneshwari ', 8, 0, 21, '21BK1A6647', 'AIML-A', 'Pending', NULL),
(178, 'Goute Saadvika', 8.9, 0, 21, '21BK1A6651', 'AIML-A', 'Pending', NULL),
(179, 'Akula Praneeth ', 8.1, 0, 21, '21BK1A6605', 'AIML-A', 'Pending', NULL),
(180, 'Gopari Mavya Sri ', 8.7, 0, 21, '21BK1A6650', 'AIML-A', 'Pending', NULL),
(181, 'Mallela Lavanya ', 7.7, 0, 21, '21BK1A6667', 'AIML-A', 'Pending', NULL),
(182, 'Goutham Gajjela ', 7.2, 0, 21, '21BK1A6639', 'AIML-A', 'Pending', NULL),
(183, ' Kalvala Nithish ', 8, 0, 21, '21BK1A6655', 'AIML-A', 'Pending', NULL),
(184, 'Kuppuswamy Uday Kiran ', 8.4, 0, 21, '21BK1A6663', 'AIML-A', 'Pending', NULL),
(185, 'Garlapati Jayanth Abhisheak ', 7.1, 0, 21, '21BK1A6640', 'AIML-A', 'Pending', NULL),
(186, 'Cheemala Mudi Vinitha ', 7.5, 0, 21, '21BK1A6627', 'AIML-A', 'Pending', NULL),
(187, 'Akula Daakshayani ', 8, 0, 21, '21BK1A6604', 'AIML-A', 'Pending', NULL),
(188, 'Enjamuri Sindhu ', 8.3, 0, 21, '21BK1A6637', 'AIML-A', 'Pending', NULL),
(189, 'G Sushma ', 7.7, 0, 21, '21BK1A6641', 'AIML-A', 'Pending', NULL),
(190, 'Challa Saketh Reddy', 8, 0, 21, '21BK1A6625', 'AIML-A', 'Pending', NULL),
(191, 'Gollapally Nishanth Goud ', 7.4, 0, 21, '21BK1A6649', 'AIML-A', 'Pending', NULL),
(192, 'Macha Harsha Vardhan', 7.3, 0, 21, '21BK1A6664', 'AIML-A', 'Pending', NULL),
(193, 'Mohammed Amaan ', 7.3, 0, 21, '21BK1A6673', 'AIML-A', 'Pending', NULL),
(194, 'Chowdada Hemanth', 8, 0, 21, '21BK1A6631', 'AIML-A', 'Pending', NULL),
(195, 'K Rahul Pandit ', 7.6, 0, 21, '21BK1A6654', 'AIML-A', 'Pending', NULL),
(196, 'Togiti Varunkumar ', 6.8, 2, 21, '21BK1A66C4', 'AIML-B', 'Pending', NULL),
(197, 'Shubham Kumar Yadav', 6.8, 2, 21, '21BK1A66B3', 'AIML-B', 'Pending', NULL),
(198, 'Sadham Gowtham ', 7, 1, 21, '21BK1A66B0', 'AIML-B', 'Pending', NULL),
(199, 'Yasa Pooja', 8.1, 1, 21, '21BK1A66D0', 'AIML-B', 'Pending', NULL),
(200, 'K Sharan', 7.2, 1, 21, '22BK5A6606', 'AIML-B', 'Pending', NULL),
(201, 'P.Sharanya', 8, 1, 21, '21BK1A6692', 'AIML-B', 'Pending', NULL),
(202, 'Patlolla Haricharan Reddy', 7.3, 1, 21, '21BK1A6690', 'AIML-B', 'Pending', NULL),
(203, 'Rahul Mishra', 7, 1, 21, '21BK1A66A2', 'AIML-B', 'Pending', NULL),
(204, 'S S S G Sohith ', 6.9, 1, 21, '21BK1A66A9', 'AIML-B', 'Pending', NULL),
(205, 'Rimsha Rahim Jariya ', 7.7, 0, 21, '21BK1A66A8', 'AIML-B', 'Pending', NULL),
(206, 'Nalluri Vyshnavi ', 8.2, 0, 21, '21BK1A6684', 'AIML-B', 'Pending', NULL),
(207, 'Teppala Sreeja ', 8.6, 0, 21, '21BK1A66C0', 'AIML-B', 'Pending', NULL),
(208, 'Srinivas Sai Priya', 9.2, 0, 21, '21BK1A66B7', 'AIML-B', 'Pending', NULL),
(209, 'Muthkapally Arun Raj ', 8.6, 0, 21, '21BK1A6679', 'AIML-B', 'Pending', NULL),
(210, 'Pratham Yadav ', 6.8, 0, 21, '21BK1A6696', 'AIML-B', 'Pending', NULL),
(211, 'Syed Ismail ', 7.2, 0, 21, '22BK5A6613', 'AIML-B', 'Pending', NULL),
(212, 'Naveena Muthavarapu ', 8.3, 0, 21, '21BK1A6678', 'AIML-B', 'Pending', NULL),
(213, 'Sumanth Reddy', 7.9, 0, 21, '21BK1A6694', 'AIML-B', 'Pending', NULL),
(214, 'Ravi Prathap Guptha ', 7.3, 0, 21, '22BK5A6611', 'AIML-B', 'Pending', NULL),
(215, 'Moimunna Khatoon ', 7.8, 0, 21, '21BK1A6674', 'AIML-B', 'Pending', NULL),
(216, 'Rathlawath Chandra Shekar Nayak ', 8.1, 0, 21, '21BK1A66A4', 'AIML-B', 'Pending', NULL),
(217, 'Puskur Harika ', 8.5, 0, 21, '21BK1A6699', 'AIML-B', 'Pending', NULL),
(218, 'Madhan Babu Uradi ', 6.7, 0, 21, '21BK1A66C5', 'AIML-B', 'Pending', NULL),
(219, 'P Manoj Kumar ', 7.3, 0, 21, '22BK5A6609', 'AIML-B', 'Pending', NULL),
(220, 'Purukutapu Manohar ', 6.8, 0, 21, '21BK1A6698', 'AIML-B', 'Pending', NULL),
(221, 'Sirigiri Rakesh', 7.8, 0, 21, '21BK1A66B5', 'AIML-B', 'Pending', NULL),
(222, 'Adhira Rajesh ', 7.1, 0, 21, '21BK1A66A0', 'AIML-B', 'Pending', NULL),
(223, 'Thumma Deekshitha ', 8.2, 0, 21, '21BK1A66C3', 'AIML-B', 'Pending', NULL),
(224, 'Poshala Raju ', 7.9, 0, 21, '21BK1A6695', 'AIML-B', 'Pending', NULL),
(225, 'Dasari Madhan ', 7.4, 0, 21, '22BK5A6603', 'AIML-B', 'Pending', NULL),
(226, 'Musmir Ramcharanteja ', 7.5, 0, 21, '21BK1A6677', 'AIML-B', 'Pending', NULL),
(227, 'Morri Karthik ', 7.8, 0, 21, '21BK1A6675', 'AIML-B', 'Pending', NULL),
(228, 'Attikesaram Naga Sharanya ', 7.8, 0, 21, '22BK5A6601', 'AIML-B', 'Pending', NULL),
(229, 'Thalla Yashwanth Reddy ', 7.9, 0, 21, '21BK1A66C1', 'AIML-B', 'Pending', NULL),
(230, 'N Harsha Vardhan Reddy ', 6.8, 0, 21, '21BK1A6681', 'AIML-B', 'Pending', NULL),
(231, 'Nakkala Supriya ', 8.4, 0, 21, '21BK1A6683', 'AIML-B', 'Pending', NULL),
(232, 'Soma Sahasra Reddy', 8.4, 0, 21, '21BK1A66B6', 'AIML-B', 'Pending', NULL),
(233, 'Sanga Phaniteja ', 6.9, 0, 21, '21BK1A66B1', 'AIML-B', 'Pending', NULL),
(234, 'Shamarthi Sathish', 7.2, 0, 21, '21BK1A66B2', 'AIML-B', 'Pending', NULL),
(235, 'Bhavani Prasad', 8.3, 0, 21, '21BK1A66C9', 'AIML-B', 'Pending', NULL),
(236, 'Sudhansu Kumar Singh ', 8.2, 0, 21, '21BK1A66B8', 'AIML-B', 'Pending', NULL),
(237, 'Neeraj Kumar ', 7.8, 0, 21, '21BK1A6685', 'AIML-B', 'Pending', NULL),
(238, 'Rayudu Rajaharsha', 8.7, 0, 21, '21BK1A66A7', 'AIML-B', 'Pending', NULL),
(239, 'Nenavath Sudeshnu Ram ', 8.5, 0, 21, '21BK1A6682', 'AIML-B', 'Pending', NULL),
(240, 'Charan Teja ', 7.2, 3, 21, '21BK1A7429', 'CSD-A', 'Pending', NULL),
(241, 'Musku Bhuvana', 7.5, 1, 21, '21BK1A7434', 'CSD-A', 'Pending', NULL),
(242, 'Golla Goutham Yadav ', 7.6, 1, 21, '21BK1A7420', 'CSD-A', 'Pending', NULL),
(243, 'M.Charan Deep', 7.2, 1, 21, '21BK1A7428', 'CSD-A', 'Pending', NULL),
(244, 'Dembal Harshith ', 7, 1, 21, '21BK1A7412', 'CSD-A', 'Pending', NULL),
(245, 'T Yashwanth Chowdhary', 7.1, 0, 21, '21BK1A7451', 'CSD-A', 'Pending', NULL),
(246, 'Baddam Sweeya ', 8.3, 0, 21, '21BK1A7408', 'CSD-A', 'Pending', NULL),
(247, 'Manusha', 7.3, 0, 21, '21BK1A7456', 'CSD-A', 'Pending', NULL),
(248, 'Chinthalapally Bhavitha', 8.5, 0, 21, '21BK1A7411', 'CSD-A', 'Pending', NULL),
(249, 'Rajaram Siddu', 7, 0, 21, '21BK1A7442', 'CSD-A', 'Pending', NULL),
(250, 'Chikkala Manoj Kumar ', 7.6, 0, 21, '21BK1A7409', 'CSD-A', 'Pending', NULL),
(251, 'Bairi Sandeep Reddy', 7.5, 3, 21, '21BK1A0526', 'CSE-A', 'Pending', NULL),
(252, 'Bukya Srikanth', 7.4, 2, 21, '21BK1A0542', 'CSE-A', 'Pending', NULL),
(253, 'B. Jaidharan ', 7.3, 1, 21, '21BK1A0523', 'CSE-A', 'Pending', NULL),
(254, 'B.Sanjay Kumar Reddy ', 7, 1, 21, '21BK1A0536', 'CSE-A', 'Pending', NULL),
(255, 'Athelly Ranjith ', 7.5, 1, 21, '21BK1A0522', 'CSE-A', 'Pending', NULL),
(256, 'Erugadinla Sai Kumar ', 7.5, 1, 21, '21BK1A0561', 'CSE-A', 'Pending', NULL),
(257, 'Abdul ', 6.2, 1, 21, '21BK1A463', 'CSE-A', 'Pending', NULL),
(258, 'G. Yagna Bharathi ', 7.9, 0, 21, '21BK1A0569', 'CSE-A', 'Pending', NULL),
(259, 'Rasagna Chokkala ', 8.7, 0, 21, '21BK1A0551', 'CSE-A', 'Pending', NULL),
(260, 'Adipelli Deekshitha ', 7, 0, 21, '21BK1A0506', 'CSE-A', 'Pending', NULL),
(261, 'Chamaakuri Aravind Kumar ', 8.3, 0, 21, '21BK1A0546', 'CSE-A', 'Pending', NULL),
(262, 'Akula Nikhitha ', 8.9, 0, 21, '21BK1A0512', 'CSE-A', 'Pending', NULL),
(263, 'Anup Kumar Sharma', 7.8, 0, 21, '21BK1A0519', 'CSE-A', 'Pending', NULL),
(264, 'Burka Pavani ', 8.3, 0, 21, '21BK1A0544', 'CSE-A', 'Pending', NULL),
(265, 'G. Sri Nandini', 7.9, 0, 21, '21BK1A0567', 'CSE-A', 'Pending', NULL),
(266, 'Bethalam Bhavana', 8.6, 0, 21, '21BK1A0534', 'CSE-A', 'Pending', NULL),
(267, 'Dhevasadbhukiya Akhia', 7.8, 0, 21, '21BK1A0554', 'CSE-A', 'Pending', NULL),
(268, 'Achampeta Jayanth', 8.2, 0, 21, '21BK1A0505', 'CSE-A', 'Pending', NULL),
(269, 'Badugu Kavyesh Raj ', 7.2, 0, 21, '21BK1A0525', 'CSE-A', 'Pending', NULL),
(270, 'Ankith Singh', 7.4, 0, 21, '21BK1A0518', 'CSE-A', 'Pending', NULL),
(271, 'Duvvala Vaishnavi ', 7.4, 0, 21, '21BK1A0558', 'CSE-A', 'Pending', NULL),
(272, 'Allu Vinay Reddy ', 8.1, 0, 21, '21BK1A0514', 'CSE-A', 'Pending', NULL),
(273, 'Agumamidi Venkat Reddy', 7.3, 0, 21, '21BK1A0508', 'CSE-A', 'Pending', NULL),
(274, 'Burgu Lokesh ', 7.5, 0, 21, '21BK1A0543', 'CSE-A', 'Pending', NULL),
(275, 'Alluri Bhavana ', 8.2, 0, 21, '21BK1A0501', 'CSE-A', 'Pending', NULL),
(276, 'D. Bhuvana', 8.1, 0, 21, '21BK1A0553', 'CSE-A', 'Pending', NULL),
(277, 'Abrameni Kapila', 7.8, 0, 21, '21BK1A0504', 'CSE-A', 'Pending', NULL),
(278, 'Gandhamala Prashanth ', 7.3, 0, 21, '21BK1A0566', 'CSE-A', 'Pending', NULL),
(279, 'Bobburi Umesh', 8.4, 0, 21, '21BK1A0537', 'CSE-A', 'Pending', NULL),
(280, 'Durishetty Gangothri ', 8.5, 0, 21, '21BK1A0557', 'CSE-A', 'Pending', NULL),
(281, 'Aniketh Kumar Sharma ', 7.5, 0, 21, '21BK1A0515', 'CSE-A', 'Pending', NULL),
(282, 'Nabothu Jayanand ', 7, 3, 21, '21BK1A05C4', 'CSE-B', 'Pending', NULL),
(283, 'M.Saiteja', 6.8, 3, 21, '21BK1A05A7', 'CSE-B', 'Pending', NULL),
(284, 'Koutike Abhigna', 7, 2, 21, '21BK1A0599', 'CSE-B', 'Pending', NULL),
(285, 'Aditya Kanchoji ', 7, 1, 21, '21BK1A0588', 'CSE-B', 'Pending', NULL),
(286, 'Sanjana Itti ', 7.8, 0, 21, '22BK5A0510', 'CSE-B', 'Pending', NULL),
(287, 'A Akhila', 7.7, 0, 21, '22BK5A0501', 'CSE-B', 'Pending', NULL),
(288, 'Kavya Munipelli ', 8.9, 0, 21, '21BK1A05C3', 'CSE-B', 'Pending', NULL),
(289, 'Sandeep Kota', 7.9, 0, 21, '21BK1A0596', 'CSE-B', 'Pending', NULL),
(290, 'Gujjari Sai Krishna', 6.9, 0, 21, '21BK1A0574', 'CSE-B', 'Pending', NULL),
(291, 'K Varshini', 8.7, 0, 21, '21BK1A0582', 'CSE-B', 'Pending', NULL),
(292, 'Gone Goutham Sai ', 7, 0, 21, '22BK5A0508', 'CSE-B', 'Pending', NULL),
(293, 'Kyasalla Aparna ', 8, 0, 21, '21BK1A05A3', 'CSE-B', 'Pending', NULL),
(294, 'Mandala. Sneha', 7.1, 0, 21, '21BK1A05A6', 'CSE-B', 'Pending', NULL),
(295, 'Katipally Vaishnavi ', 8.8, 0, 21, '21BK1A0590', 'CSE-B', 'Pending', NULL),
(296, 'Janapati Sanjay ', 8.5, 0, 21, '21BK1A0579', 'CSE-B', 'Pending', NULL),
(297, 'Metikala Chandrika ', 8.4, 0, 21, '21BK1A05B1', 'CSE-B', 'Pending', NULL),
(298, 'Kalle Akanksha ', 9.2, 0, 21, '21BK1A0583', 'CSE-B', 'Pending', NULL),
(299, 'Nageli Pooja', 8.1, 0, 21, '21BK1A05C7', 'CSE-B', 'Pending', NULL),
(300, 'K.Pavani', 8.1, 0, 21, '21BK1A0593', 'CSE-B', 'Pending', NULL),
(301, 'Jagga Kaveri ', 7.2, 0, 21, '21BK1A0577', 'CSE-B', 'Pending', NULL),
(302, 'Munagalashetty Vishal ', 8, 0, 21, '21BK1A05C2', 'CSE-B', 'Pending', NULL),
(303, 'M.L.N.Aditya Kumar', 8, 0, 21, '21BK1A05B0', 'CSE-B', 'Pending', NULL),
(304, 'Guduru Akhila Reddy', 7.5, 0, 21, '21BK1A0573', 'CSE-B', 'Pending', NULL),
(305, 'Nalluri Pavani ', 8.3, 0, 21, '21BK1A05D1', 'CSE-B', 'Pending', NULL),
(306, 'Sony', 7.9, 0, 21, '22BK5A0504', 'CSE-B', 'Pending', NULL),
(307, 'Mohammed Anasuddin', 8.1, 0, 21, '21BK1A05B4', 'CSE-B', 'Pending', NULL),
(308, 'Md Nadim Akram Raza ', 7.6, 0, 21, '21BK1A05A9', 'CSE-B', 'Pending', NULL),
(309, 'Neelati Karunakar Reddy ', 8.1, 0, 21, '21BK1A05D3', 'CSE-B', 'Pending', NULL),
(310, 'Nakka Shiva', 8, 0, 21, '21BK1A05C8', 'CSE-B', 'Pending', NULL),
(311, 'N.V.Sirisha', 7.9, 0, 21, '21BK1A05C5', 'CSE-B', 'Pending', NULL),
(312, 'K Harshita', 7.9, 0, 21, '21BK1A05A1', 'CSE-B', 'Pending', NULL),
(313, 'Nuzhat Fatima ', 6.6, 1, 21, '21BK1A05D9', 'CSE-C', 'Pending', NULL),
(314, 'Srikanth Raipally ', 7, 1, 21, '21BK1A05F6', 'CSE-C', 'Pending', NULL),
(315, 'Paleti Sri Venkata Shashi Kumar ', 7, 1, 21, '21BK1A05E3', 'CSE-C', 'Pending', NULL),
(316, 'Pasunoori Anirudh', 7.2, 1, 21, '21BK1A05E6', 'CSE-C', 'Pending', NULL),
(317, 'P Divya Shree ', 7, 0, 21, '21BK1A05E1', 'CSE-C', 'Pending', NULL),
(318, 'Ragula Nithin Kumar ', 8.2, 0, 21, '21BK1A05F5', 'CSE-C', 'Pending', NULL),
(319, 'Sadineni Jyoshna ', 8.2, 0, 21, '21BK1A05G1', 'CSE-C', 'Pending', NULL),
(320, 'T.Naga Vamsy', 7.6, 0, 21, '21BK1A05H4', 'CSE-C', 'Pending', NULL),
(321, 'Yalavarthi Geethika ', 8, 0, 21, '21BK1A05K4', 'CSE-C', 'Pending', NULL),
(322, 'Nirudu Bhaskar ', 8, 0, 21, '21BK1A05D7', 'CSE-C', 'Pending', NULL),
(323, 'Sannayula Sai Sree ', 8, 0, 21, '21BK1A05G6', 'CSE-C', 'Pending', NULL),
(324, 'Vaila Mahesh Chandra ', 9.8, 0, 21, '21BK1A05J2', 'CSE-C', 'Pending', NULL),
(325, 'Pasupunuri Akshitha ', 8.8, 0, 21, '21BK1A05E8', 'CSE-C', 'Pending', NULL),
(326, 'Sri Vidya Shivani Kandada Siripurapu ', 7.6, 0, 21, '21BK1A05G7', 'CSE-C', 'Pending', NULL),
(327, 'Outla  Akhilesh', 7.6, 0, 21, '22BK5A0513', 'CSE-C', 'Pending', NULL),
(328, 'Samreen ', 8.7, 0, 21, '21BK1A05G3', 'CSE-C', 'Pending', NULL),
(329, 'Tanniru Aruna Kumari ', 8.2, 0, 21, '21BK1A05H2', 'CSE-C', 'Pending', NULL),
(330, 'Kapparthala Nikhil', 7.4, 0, 21, '22BK5A0511', 'CSE-C', 'Pending', NULL),
(331, 'Paspunoor Srivani ', 7.8, 0, 21, '21BK1A05E5', 'CSE-C', 'Pending', NULL),
(332, 'Vilasagarapu Shirish Kumar', 7, 0, 21, '21BK1A05J9', 'CSE-C', 'Pending', NULL),
(333, 'Thikka Sai Varun ', 7.2, 0, 21, '20BK1A05H1', 'CSE-C', 'Pending', NULL),
(334, 'Singarapu Mounika ', 8.8, 0, 21, '22BK5A0519', 'CSE-C', 'Pending', NULL),
(335, 'Sandrugonda Tagore ', 7.7, 0, 21, '22BK5A0518', 'CSE-C', 'Pending', NULL),
(336, 'Akshaya Vallakati', 7.4, 0, 21, '21BK1A05J4', 'CSE-C', 'Pending', NULL),
(337, 'Ubade.Mounika', 8.2, 0, 21, '21BK1A05H9', 'CSE-C', 'Pending', NULL),
(338, 'Varla Ankitha', 7.8, 0, 21, '21BK1A05J6', 'CSE-C', 'Pending', NULL),
(339, 'V Sanjana ', 8.4, 0, 21, '21BK1A05J0', 'CSE-C', 'Pending', NULL),
(340, 'Thaithala Manusha ', 8.1, 0, 21, '21BK1A05H3', 'CSE-C', 'Pending', NULL),
(341, 'Sivakoti Uma Venkata Satya Sai Nadha Chary ', 8, 0, 21, '22BK5A0520', 'CSE-C', 'Pending', NULL),
(342, 'Pathuri Nithin', 9.1, 0, 21, '21BK1A05E9', 'CSE-C', 'Pending', NULL),
(343, 'Punnam Rama Manikanth', 8.3, 0, 21, '22BK5A0516', 'CSE-C', 'Pending', NULL),
(344, 'P Sambaraju Yadav ', 7.4, 0, 21, '22BK5A0514', 'CSE-C', 'Pending', NULL),
(345, 'Pittala Venu', 7.5, 0, 21, '22BK5A0515', 'CSE-C', 'Pending', NULL),
(346, 'Pusala Dheerajkumar ', 6.9, 0, 21, '21BK1A05F2', 'CSE-C', 'Pending', NULL),
(347, 'Sairaj ', 8.2, 0, 21, '21BK1A05J8', 'CSE-C', 'Pending', NULL),
(348, 'Sanem . Charan Goud', 8.8, 0, 21, '21BK1A05G4', 'CSE-C', 'Pending', NULL),
(349, 'Shashi Matta ', 6.9, 2, 21, '21BK1A7432', 'CSG-A', 'Pending', NULL),
(350, 'Thummapala Hemanth ', 7, 2, 21, '22BK5A7408', 'CSG-A', 'Pending', NULL),
(351, 'Paila Thathaji ', 7.3, 1, 21, '21BK1A7440', 'CSG-A', 'Pending', NULL),
(352, 'Addepalli Venkata Naga Amarnath ', 6.8, 1, 21, '22BK5A7401', 'CSG-A', 'Pending', NULL),
(353, 'Yashwanth Reddy ', 7, 1, 21, '22BK5A7409', 'CSG-A', 'Pending', NULL),
(354, 'Muthe Hari Kumar ', 8.7, 0, 21, '21BK1A7433', 'CSG-A', 'Pending', NULL),
(355, 'Vignesh Pottabathula', 8.2, 0, 21, '22BK5A7406', 'CSG-A', 'Pending', NULL),
(356, 'Atla Manoj ', 7.1, 0, 21, '21BK1A7405', 'CSG-A', 'Pending', NULL),
(357, 'Velma Harika ', 8.3, 0, 21, '21BK1A7455', 'CSG-A', 'Pending', NULL),
(358, 'Singamshetty Naveen Sai Kumar', 7.5, 0, 21, '22BK5A7407', 'CSG-A', 'Pending', NULL),
(359, 'Badam Sathish Reddy ', 8.6, 0, 21, '21BK1A7458', 'CSG-A', 'Pending', NULL),
(360, 'Dyaga.Shivapraneeth ', 7.8, 0, 21, '21BK1A7416', 'CSG-A', 'Pending', NULL),
(361, 'Rikkala Tejasri', 7.3, 0, 21, '21BK1A7444', 'CSG-A', 'Pending', NULL),
(362, 'D.Aishwarya ', 7.5, 0, 21, '21BK147415', 'CSG-A', 'Pending', NULL),
(363, 'Kalakonda Poojitha', 7.1, 0, 21, '21BK1A7425', 'CSG-A', 'Pending', NULL),
(364, 'Areti Pranav Kumar ', 6.9, 0, 21, '21BK1A7404', 'CSG-A', 'Pending', NULL),
(365, 'Sumith Simon Raj Marneni ', 8.6, 0, 21, '21BK1A7430', 'CSG-A', 'Pending', NULL),
(366, 'Saivenkat Kadavergu ', 7.5, 0, 21, '22BK5A7402', 'CSG-A', 'Pending', NULL),
(367, 'B.Akhil', 7.2, 3, 21, '21BK1A0413', 'ECE-A', 'Pending', NULL),
(368, 'Siva Prasad ', 6.5, 3, 21, '21BK1A0463', 'ECE-A', 'Pending', NULL),
(369, 'Maripeddi Indu Sri ', 6.9, 1, 21, '21BK1A0471', 'ECE-A', 'Pending', NULL),
(370, 'Jakkuva Swathi', 7.1, 1, 21, '21BK1A0448', 'ECE-A', 'Pending', NULL),
(371, 'Bavu Ganesh', 9, 0, 21, '21BK1A0418', 'ECE-A', 'Pending', NULL),
(372, 'M Varshitha', 7, 0, 21, '21BK1A0467', 'ECE-A', 'Pending', NULL),
(373, 'Mankala Vishal Rao', 7.4, 0, 21, '21BK1A0470', 'ECE-A', 'Pending', NULL),
(374, 'Donthu Sai Teja ', 7.7, 0, 21, '21BK1A0432', 'ECE-A', 'Pending', NULL),
(375, 'Gavara Kishore ', 8.4, 0, 21, '21BK1A0438', 'ECE-A', 'Pending', NULL),
(376, 'Bonala Varshitha', 8.3, 0, 21, '21BK1A0423', 'ECE-A', 'Pending', NULL),
(377, 'Ahil Surendran ', 6.8, 0, 21, '21BK1A0402', 'ECE-A', 'Pending', NULL),
(378, 'Kodati Poojitha', 9.2, 0, 21, '21BK1A0454', 'ECE-A', 'Pending', NULL),
(379, 'A. Sathish Kumar ', 7, 0, 21, '21BK1A0411', 'ECE-A', 'Pending', NULL),
(380, 'Cheekatla Srujan', 7, 0, 21, '21BK1A0427', 'ECE-A', 'Pending', NULL),
(381, 'B Deepak Kumar', 8.5, 0, 21, '21BK1A0419', 'ECE-A', 'Pending', NULL),
(382, 'Rahul Kancha ', 8, 0, 21, '21BK1A0451', 'ECE-A', 'Pending', NULL),
(383, 'Golla Chaitanya', 7.5, 0, 21, '21BK1A0440', 'ECE-A', 'Pending', NULL),
(384, 'Kota Badrinath', 8.1, 0, 21, '21BK1A0457', 'ECE-A', 'Pending', NULL),
(385, 'Ritheesh Reddy Kumbham', 8.2, 0, 21, '21BK1A0461', 'ECE-A', 'Pending', NULL),
(386, 'Mani Sai Teja Anumalla ', 7, 0, 21, '21BK1A0408', 'ECE-A', 'Pending', NULL),
(387, 'Damarla Akhila ', 7.3, 0, 21, '21BK1A0430', 'ECE-A', 'Pending', NULL),
(388, 'Katrajula Chandrakanth ', 7.3, 0, 21, '21BK1A0453', 'ECE-A', 'Pending', NULL),
(389, 'Ganekal Abhinav', 7.7, 0, 21, '21BK1A0437', 'ECE-A', 'Pending', NULL),
(390, 'Jallapuram Alekhya ', 9.2, 0, 21, '21BK1A0449', 'ECE-A', 'Pending', NULL),
(391, 'Midde Lokesh ', 7, 0, 21, '21BK1A0472', 'ECE-A', 'Pending', NULL),
(392, 'Kondaparthy Sai Abhimanyu ', 7.5, 0, 21, '21BK1A0455', 'ECE-A', 'Pending', NULL),
(393, 'G Varshith Kumar ', 7.1, 0, 21, '21BK1A0441', 'ECE-A', 'Pending', NULL),
(394, 'Bareddy Harshitha ', 8.7, 0, 21, '21BK1A0417', 'ECE-A', 'Pending', NULL),
(395, 'Cheedi Mohan Sai', 8.5, 0, 21, '21BK1A0426', 'ECE-A', 'Pending', NULL),
(396, 'A Ajay Kumar', 7.7, 0, 21, '21BK1A0401', 'ECE-A', 'Pending', NULL),
(397, 'Thalakokula Shiva Kumar', 7.4, 1, 21, '21BK1A04B2', 'ECE-B', 'Pending', NULL),
(398, 'Viswas Reddy Nalapareddy', 7.2, 1, 21, '21BK1A0480', 'ECE-B', 'Pending', NULL),
(399, 'Dandu Raju', 6.5, 1, 21, '22BK5A0404', 'ECE-B', 'Pending', NULL),
(400, 'Sriram Vurranki ', 7.6, 1, 21, '21BK1A04B8', 'ECE-B', 'Pending', NULL),
(401, 'Gandla Shiva Mallikarjun', 8.3, 1, 21, '22BK5A0407', 'ECE-B', 'Pending', NULL),
(402, 'Jogipeta  Nandini', 7, 1, 21, '22BK5A0408', 'ECE-B', 'Pending', NULL),
(403, 'Nalla Varun ', 7.5, 0, 21, '21BK1A0482', 'ECE-B', 'Pending', NULL),
(404, 'Shravya Samala', 8.5, 0, 21, '21BK1A04A4', 'ECE-B', 'Pending', NULL),
(405, 'Ramireddy Suchithra ', 9.3, 0, 21, '21BK1A0498', 'ECE-B', 'Pending', NULL),
(406, 'Paluri Sravani', 8.6, 0, 21, '21BK1A0486', 'ECE-B', 'Pending', NULL),
(407, 'Samala Lokesh', 8.2, 0, 21, '21BK1A04A3', 'ECE-B', 'Pending', NULL),
(408, 'Sunkara Gokulsai ', 7.2, 0, 21, '21BK1A04A8', 'ECE-B', 'Pending', NULL),
(409, 'D S Jagriti', 8.3, 0, 21, '22BK5A0403', 'ECE-B', 'Pending', NULL),
(410, 'S Sai Vishwanath ', 7.5, 0, 21, '22BK5A0419', 'ECE-B', 'Pending', NULL),
(411, 'Puppala Advaith', 8.2, 0, 21, '21BK1A0495', 'ECE-B', 'Pending', NULL),
(412, 'M.Sharath Chandra', 6.5, 0, 21, '21BK1A0479', 'ECE-B', 'Pending', NULL),
(413, 'Mothe Preethi ', 7.4, 0, 21, '21BK1A0477', 'ECE-B', 'Pending', NULL),
(414, 'Modala Naresh Sagar ', 7.5, 0, 21, '21BK1A0474', 'ECE-B', 'Pending', NULL),
(415, 'Yerram Ankitha ', 7.4, 0, 21, '21BK1A04C3', 'ECE-B', 'Pending', NULL),
(416, 'Triveni Yarlagadda', 7.5, 0, 21, '21BK1A04B9', 'ECE-B', 'Pending', NULL),
(417, 'S Laxmikanth ', 7.2, 0, 21, '21BK1A04A9', 'ECE-B', 'Pending', NULL),
(418, 'Surya Vamshi Krishna', 7.3, 0, 21, '21BK1A04A2', 'ECE-B', 'Pending', NULL),
(419, 'Yuvaraja Pamarthi', 8.6, 0, 21, '21BK1A0487', 'ECE-B', 'Pending', NULL),
(420, 'Puli Mallesh Yadav', 7.5, 0, 21, '21BK1A0494', 'ECE-B', 'Pending', NULL),
(421, 'S Shivashankar ', 8.4, 0, 21, '21BK1A04A1', 'ECE-B', 'Pending', NULL),
(422, 'Kotha Vaidehi ', 8.1, 0, 21, '22BK1A0466', 'ECE-B', 'Pending', NULL),
(423, 'Shruthi Badekar ', 7.2, 0, 21, '22BK5A0418', 'ECE-B', 'Pending', NULL),
(424, 'Thota Sneha Bharathi ', 8, 0, 21, '21BK1A04B3', 'ECE-B', 'Pending', NULL),
(425, 'Pitla Sowmya ', 8, 0, 21, '22BK5A0417', 'ECE-B', 'Pending', NULL),
(426, 'A Sai Vardhan', 7.1, 0, 21, '22BK5A0401', 'ECE-B', 'Pending', NULL),
(427, 'Kowdipally Madhavi ', 8.5, 0, 21, '22BK5A0411', 'ECE-B', 'Pending', NULL),
(428, 'Malluri Vinay Kumar', 6.8, 1, 21, '22BK5A0227', 'EEE-A', 'Pending', NULL),
(429, 'Chirchippa Kiran Kumar ', 7, 1, 21, '22BK5A0211', 'EEE-A', 'Pending', NULL),
(430, 'Kurma Anilkumar', 8.2, 1, 21, '21BK1A0206', 'EEE-A', 'Pending', NULL),
(431, 'Manideep Chindam ', 7, 1, 21, '22BK5A0210', 'EEE-A', 'Pending', NULL),
(432, 'Myadari Sreeja ', 8.6, 0, 21, '22BK5A0231', 'EEE-A', 'Pending', NULL),
(433, 'Nandipamu Devisri ', 8, 0, 21, '21BK1A0210', 'EEE-A', 'Pending', NULL),
(434, 'Deshmuk Pavan', 8, 0, 21, '22BK5A0213', 'EEE-A', 'Pending', NULL),
(435, 'Veeraveni Raviteja', 6.9, 0, 21, '21BK1A0221', 'EEE-A', 'Pending', NULL),
(436, 'Bodhari Vamshi ', 7.3, 0, 21, '22BK5A0205', 'EEE-A', 'Pending', NULL),
(437, 'Poreddy Bhanuprasanna', 7.7, 0, 21, '21BK1A0213', 'EEE-A', 'Pending', NULL),
(438, 'Gurijala Vaishnav Reddy ', 7.3, 0, 21, '2BK5A0217', 'EEE-A', 'Pending', NULL),
(439, 'Buragadda Vinay', 7.7, 0, 21, '22BK5A0207', 'EEE-A', 'Pending', NULL),
(440, 'Mohammad Sadiq ', 7.3, 0, 21, '22BK5A0229', 'EEE-A', 'Pending', NULL),
(441, 'Kalleda Sheshank ', 7.5, 0, 21, '22BK5A0221', 'EEE-A', 'Pending', NULL),
(442, 'Nagelli Nagender ', 7.2, 0, 21, '22BK5A0233', 'EEE-A', 'Pending', NULL),
(443, 'Mekala Puri Jagannath', 8.6, 0, 21, '21BK1A0207', 'EEE-A', 'Pending', NULL),
(444, 'Chinnapapani Sada Rani ', 7.8, 3, 21, '21BK1A1227', 'IT-A', 'Pending', NULL),
(445, 'A.Dharani', 7.4, 1, 21, '21BK1A1208', 'IT-A', 'Pending', NULL),
(446, 'Abdul Sameer ', 8.7, 0, 21, '21BK1A1201', 'IT-A', 'Pending', NULL),
(447, 'Busa Adharsh', 8.7, 0, 21, '21BK1A1225', 'IT-A', 'Pending', NULL),
(448, 'Krishna Chaitanya Reddy ', 8.3, 0, 21, '21BK1A1250', 'IT-A', 'Pending', NULL),
(449, 'Ganga Srija ', 8.7, 0, 21, '21BK1A1241', 'IT-A', 'Pending', NULL),
(450, 'Katkam Nikhil ', 6.5, 0, 21, '21BK1A1255', 'IT-A', 'Pending', NULL),
(451, 'Kethadi Nikil Reddy', 8.5, 0, 21, '21BK1A1256', 'IT-A', 'Pending', NULL),
(452, 'Bonthala Nikhitha', 8.1, 0, 21, '21BK1A1223', 'IT-A', 'Pending', NULL),
(453, 'Komanpally Pavani ', 8.5, 0, 21, '21BK1A1257', 'IT-A', 'Pending', NULL),
(454, 'Mala Ravichandra', 7.8, 0, 21, '21BK1A1267', 'IT-A', 'Pending', NULL),
(455, 'Bommu Venkata Madhavi ', 7.4, 0, 21, '21BK1A1222', 'IT-A', 'Pending', NULL),
(456, 'G Kishore ', 7.7, 0, 21, '21BK1A1237', 'IT-A', 'Pending', NULL),
(457, 'Sahithi Reddy ', 8.3, 0, 21, '21BK1A1230', 'IT-A', 'Pending', NULL),
(458, 'Annimony Shiva ', 8.1, 0, 21, '21BK1A1209', 'IT-A', 'Pending', NULL),
(459, 'Aleti Navaneetha ', 8.4, 0, 21, '21BK1A1206', 'IT-A', 'Pending', NULL),
(460, 'Koppela Vaishnavi ', 8.2, 0, 21, '21BK1A1259', 'IT-A', 'Pending', NULL),
(461, 'Vijay Kumar', 7.5, 0, 21, '21BK1A1260', 'IT-A', 'Pending', NULL),
(462, 'Pitla Mahesh', 7, 0, 21, '21BK1A1297', 'IT-A', 'Pending', NULL),
(463, 'Dornala Vaishnavi ', 9.1, 0, 21, '21BK1A1233', 'IT-A', 'Pending', NULL),
(464, 'Ch Sarayuthara ', 7.5, 0, 21, '21BK1A1226', 'IT-A', 'Pending', NULL),
(465, 'Esarap Nitika', 8.5, 0, 21, '21BK1A1234', 'IT-A', 'Pending', NULL),
(466, 'Joki Prasad ', 6.5, 0, 21, '21BK1A1248', 'IT-A', 'Pending', NULL),
(467, 'K Sudheer Kumar ', 7.9, 0, 21, '21BK1A1251', 'IT-A', 'Pending', NULL),
(468, 'K Prashanth', 8.3, 0, 21, '21BK1A1262', 'IT-A', 'Pending', NULL),
(469, 'Kandivada Srinandhini', 7.6, 0, 21, '21BK1A1253', 'IT-A', 'Pending', NULL),
(470, 'Akiti Akshaya ', 9.2, 0, 21, '21BK1A1204', 'IT-A', 'Pending', NULL),
(471, 'Musku Saireddy ', 7.3, 2, 21, '21BK1A1280', 'IT-B', 'Pending', NULL),
(472, 'M Tarun', 7, 1, 21, '21BK1A1273', 'IT-B', 'Pending', NULL),
(473, 'Sama Sathwika ', 7.5, 1, 21, '21BK1A12A3', 'IT-B', 'Pending', NULL),
(474, 'Mothkur Sathvik Goud ', 7, 1, 21, '21BK1A1279', 'IT-B', 'Pending', NULL),
(475, 'Kencha Hiteish ', 7.3, 1, 21, '22BK5A1207', 'IT-B', 'Pending', NULL),
(476, 'Samolla Vinay Reddy ', 8.2, 0, 21, '21BK1A12A4', 'IT-B', 'Pending', NULL),
(477, 'Saale Ravi ', 8.1, 0, 21, '21BK1A12A0', 'IT-B', 'Pending', NULL),
(478, 'Dhanpal Sanketh', 9, 0, 21, '21BK1A12A5', 'IT-B', 'Pending', NULL),
(479, 'Sangu Prashanth ', 7.7, 0, 21, '22BK5A1211', 'IT-B', 'Pending', NULL),
(480, 'Vaishnavi Dhamangave', 8.2, 0, 21, '21BK1A12C1', 'IT-B', 'Pending', NULL),
(481, 'Shivam Kumar ', 8, 0, 21, '21BK1A12A6', 'IT-B', 'Pending', NULL),
(482, 'Patla Madhu', 8.8, 0, 21, '21BK1A1293', 'IT-B', 'Pending', NULL),
(483, 'Uppala Charitha Sri ', 8.7, 0, 21, '21BK1A12B9', 'IT-B', 'Pending', NULL),
(484, 'Gundu Goutham Sai ', 7.9, 0, 21, '22BK5A1206', 'IT-B', 'Pending', NULL),
(485, 'Sheru Divya Sree ', 8.3, 0, 21, '22BK5A1212', 'IT-B', 'Pending', NULL),
(486, 'Vanga Divya ', 8.4, 0, 21, '21BK1A12C2', 'IT-B', 'Pending', NULL),
(487, 'Mantena Rama Raju', 8.2, 0, 21, '21BK1A1272', 'IT-B', 'Pending', NULL),
(488, 'Udtha Sripradha', 8.3, 0, 21, '21BK1A12B6', 'IT-B', 'Pending', NULL),
(489, 'Upputholla Kishore Nanda ', 8.1, 0, 21, '21BK1A12C0', 'IT-B', 'Pending', NULL),
(490, 'Udutha Sumanth ', 7.5, 0, 21, '21BK1A12B7', 'IT-B', 'Pending', NULL),
(491, 'Pattepur Harshitha', 8.5, 0, 21, '21BK1A1294', 'IT-B', 'Pending', NULL),
(492, 'Nandula Venkata Divya ', 9.2, 0, 21, '21BK1A1285', 'IT-B', 'Pending', NULL),
(493, 'Thadishetty Rahul ', 7.6, 0, 21, '21BK1A12B5', 'IT-B', 'Pending', NULL),
(494, 'Mohammad Yousuf', 8.3, 0, 21, '21BK1A1276', 'IT-B', 'Pending', NULL),
(495, 'Nadilla Prashanth ', 7.9, 0, 21, '21BK1A1282', 'IT-B', 'Pending', NULL),
(496, 'Pebbeti Shiva Prasad', 8.4, 0, 21, '21BK1A1295', 'IT-B', 'Pending', NULL),
(497, 'Vanam Archana', 8.5, 0, 21, '22BK5A1213', 'IT-B', 'Pending', NULL),
(498, 'Pagindla Sravani ', 8.3, 0, 21, '21BK1A1290', 'IT-B', 'Pending', NULL),
(499, 'Adepu Shiva Kumar ', 7.8, 0, 21, '22BK5A1201', 'IT-B', 'Pending', NULL),
(500, 'Surkanti Varshitha ', 8.4, 0, 21, '21BK1A12B2', 'IT-B', 'Pending', NULL),
(501, 'Bellamkonda Raghu', 6.8, 0, 21, '22BK5A1203', 'IT-B', 'Pending', NULL),
(502, 'Mohammed Rayan Ali', 7.1, 0, 21, '21BK1A1277', 'IT-B', 'Pending', NULL),
(503, 'Sunnam Abhiram ', 9.1, 0, 21, '21BK1A12B1', 'IT-B', 'Pending', NULL),
(504, 'Varukolu pooja', 7.5, 0, 21, '22BK5A0127', 'CIVIL-', 'Pending', NULL),
(505, 'Ch Sairam', 6, 15, 21, '21BK1A0104', 'CIVIL-', 'Pending', NULL),
(506, 'Enupa Bindhu', 80, 0, 21, '22BK5A0108', 'CIVIL-', 'Pending', NULL),
(507, 'Kathi Nitheesha', 8.5, 0, 21, '22BK5A0112', 'CIVIL-', 'Pending', NULL),
(508, 'Gaddam Tejaswini', 9, 0, 21, '22BK5A0109', 'CIVIL-', 'Pending', NULL),
(509, 'Duvvaka Vivek', 75, 0, 21, '22BK5A0107', 'CIVIL-', 'Pending', NULL),
(510, 'Vanjari Rahul', 80, 0, 21, '22BK5A0126', 'CIVIL-', 'Pending', NULL),
(511, 'Koratpally Nithin', 0, 20, 21, '21BK1A0108', 'CIVIL-', 'Pending', NULL),
(512, 'Chelakala Sai Charan', 8, 0, 21, '22BK5A0105', 'CIVIL-', 'Pending', NULL),
(513, 'Sane Rahul', 6.9, 2, 21, '22BK5A0120', 'CIVIL-', 'Pending', NULL),
(514, 'Siluveru Srirama', 87, 0, 21, '22BK5A0122', 'CIVIL-', 'Pending', NULL),
(515, 'Vaddepally Hepsibah', 75, 1, 21, '21BK1A0110', 'CIVIL-', 'Pending', NULL),
(516, 'Aarthi Vanshette', 8.5, 0, 21, '21BK1A7201', 'AIDS-A', 'Pending', NULL),
(517, 'Vivek Rahul', 6.7, 6, 21, '21BK1A7251', 'AIDS-A', 'Pending', NULL),
(518, 'VSSS Rohit Roshan', 7.9, 0, 21, '21BK1A7262', 'AIDS-A', 'Pending', NULL),
(519, 'Anirudhkatakm', 7.2, 0, 21, '21BK1A0516', 'CSE-A', 'Pending', NULL),
(520, 'Arnakonda Uday Kiran', 6.6, 0, 21, '22BK5A0502', 'CSE-B', 'Pending', NULL),
(521, 'Vsawar Shreya', 7.3, 0, 21, '21BK1A05K2', 'CSE-C', 'Pending', NULL),
(522, 'Mohammad Shariq Ali', 7.5, 1, 21, '21BK1A05B2', 'CSE-B', 'Pending', NULL),
(523, 'Kondengala Shiva Kumar', 6.8, 5, 21, '21BK1A0595', 'CSE-B*', 'Pending', NULL),
(524, 'Buyyi. Varshith Kumar Goud', 7, 0, 21, '22BK5A0402', 'ECE-B', 'Pending', NULL),
(525, 'Indukuri Shruthi Laya', 6.5, 0, 21, '21BK1A0444', 'ECE-A', 'Pending', NULL),
(526, 'Mudhigampelly Snehitha', 8, 0, 21, '22BK5A0414', 'ECE-B', 'Pending', NULL),
(527, 'Minukoori Navya', 7.8, 0, 21, '22BK5A0413', 'ECE-B', 'Pending', NULL),
(528, 'Yellammala Anil Kumar', 7, 2, 21, '21BK1A0222', 'EEE-A', 'Pending', NULL),
(529, 'Eggidi Aravind', 7.4, 0, 21, '22BK5A1205', 'IT-B', 'Pending', NULL),
(530, 'Md Shahab Hussain', 7.2, 3, 21, '22BK5A0116', 'CIVIL-', 'Pending', NULL),
(531, 'Efraim', 6.5, 1, 21, '21BK1A1243', 'IT-A', 'Pending', NULL),
(532, 'Rakesh Amarapu', 7, 0, 21, '21BK1A0406', 'ECE-A', 'Pending', NULL),
(533, 'Ankanagari Vamshi Goud', 6.5, 0, 21, '21BK1A0407', 'ECE-A', 'Pending', NULL),
(534, 'Nayakallu Subhash', 6.5, 14, 21, '21BK1A0109', 'CIVIL-', 'Pending', NULL),
(535, 'Muthyam Vamshi Krishna', 7.6, 1, 21, '22BK5A0117', 'CIVIL-', 'Pending', NULL),
(536, 'Banoth Kumaraswamy', 8, 0, 21, '22BK5A0102', 'CIVIL-', 'Pending', NULL),
(537, 'Thanneeru Kalyan Venkat', 7.2, 3, 21, '22BK5A0128', 'CIVIL-', 'Pending', NULL),
(543, 'neeraj kumar', 7.5, 0, 21, '22BK1A7428', 'CSG', 'Pending', NULL);

-- --------------------------------------------------------

--
-- Table structure for table `ims_comments`
--

CREATE TABLE `ims_comments` (
  `comment_id` int(10) NOT NULL,
  `comment` text DEFAULT NULL,
  `cand_id` int(10) DEFAULT NULL
) ENGINE=InnoDB DEFAULT CHARSET=latin1 COLLATE=latin1_swedish_ci;

--
-- Dumping data for table `ims_comments`
--

INSERT INTO `ims_comments` (`comment_id`, `comment`, `cand_id`) VALUES
(206, 'No need to give % of marks .Need to focus on basics of technology. \r\n', 321),
(207, 'Have a littile bit knowledge on so many things technologies and confused.', 317),
(208, 'Need to research on the behavioral questions to be prepared. Also need to improve on aptitude skills', 326),
(209, 'No need to say aggregate. Good clarity on things.\nNeed to brush up skills on technologies.', 268),
(210, 'Missing Confidence ', 305),
(211, 'Have theoretical knowledge no practical experience, Mentioned skills for the resume sake', 308),
(212, 'lacking in communication,techincal skills and need to change resume format ', 404),
(213, 'Candidate needs to improve communication skills in explaining projects and also technical questions needs preparation.\r\n', 425),
(214, 'Lacks in communication. Needs to research more on all the categories. need to improve resume based on the job description. Also have to improve much on technical skills as well', 398),
(215, 'not prepared, lacking in technical skills and communication, unable to say anything ', 527),
(216, 'body language is submissive. No need to give parents name. Want to do job only for society. Can do better in communications.', 524),
(217, 'Nice communication skills. Need to brush up technical skills.', 405),
(218, 'No knowledge, scared to speak and under confident', 421),
(219, 'Needs improvement in communication and lacks confidence while answering.\r\n', 402),
(220, 'No technical skills, lacking communication and need to change the resume ', 401),
(221, 'candidate needs confidence in answering questions and communication needs improvement.', 402),
(222, 'need to improve on the communication. Lack of confidence. need improvements in resume. also candidate has to research on the types of questions for an interview', 411),
(223, 'Need to clear basics very much', 419),
(224, 'Over confident, Should think before they speak,\r\ngood with reasoning ', 307),
(225, 'Should improve in communication and self intro.', 427),
(226, 'Good in Communications. need to work on basics of technology.  ', 311),
(227, 'Have a good knowledge on Core technologies.', 424),
(228, 'Needs a lot of improvement in technical skills. Good with communication.', 336),
(229, 'not prepared for interview, lacking in communication, lacking technical skills and overcome from fear ness', 340),
(230, 'Lacks in communication. need to improve more on self intro. candidate have to improve to speak based on type of the interview. Also, candidate needs to specify about the skills precise. ', 400),
(231, 'Need to clear your basics alot', 350),
(232, 'Good in communications. Need eye contact. Looking around often. Ned to articulate what we want to do. Contradictory statements.', 397),
(233, 'not prepared for interview, lacking in communication, lacking technical skills and overcome from fear ness and need to change the resume format ', 355),
(234, 'Needs to clear basics and suggested to do more projects and Knows a lot about web development and that too not clear', 356),
(235, 'Seems Nervous. Good in communications. Need to start with technologies.', 407),
(236, 'Good start at the first but felt nervous at the end. need to improve on behavioral question. need to research on the types of questions. already gave feedback to the candidate. Good at basics but there\'s scope to improve.', 406),
(237, 'excellent, needs to concentrate on present activity', 337),
(238, 'Good in communication. Looks confident. ', 412),
(239, 'Scared while speaking has a good therotical knowledge on the technologies', 341),
(240, 'not prepared well for interview, lacking in communication, lacking technical skills and overcome from fear ness', 376),
(241, 'Good in communications. Looks confident.', 352),
(242, 'Overconfident not having listening skills', 335),
(243, '', 354),
(244, 'not prepared for interview,unable to say about tell me about your self lacking in communication, lacking technical skills and overcome from fear ness', 399),
(245, 'Needs improvement in communication and behavioral questions.Good with Technical question.', 330),
(246, 'lack in confidence and felt nervous. lack in technical skills. couldn\'t explain basics. need to prepare on everything. gave feedback as well to the candidate about the scope of improvements', 521),
(247, 'not prepared for interview, unable to say about tell me about your self lacking in communication, lacking technical skills and overcome from fear ness', 399),
(248, 'presentation, confidence to speak when needed.\r\nresume enhancement', 141),
(249, 'Need to clear basics alot', 378),
(250, 'Good in communications but looks nervous. NO need of marks in intro. ', 359),
(251, 'Candidate needs to improve their technical and behaviour skills. Also needs correction in resume.', 329),
(252, 'No proper resume ', 313),
(253, 'low on confidence, no proper presentation capabilities, she should create her own resume ', 133),
(254, 'good intro. can improve on communication. great skills on technical aspect.can improve on behavioral question part. already provided feedback on the interview questions part. ', 10),
(255, 'Excellent Communications. Can be groomed for further steps as asked in ice breaking sessions. Requesting for more mock interview sessions.', 480),
(256, 'CLEAR', 81),
(257, 'NEED TO CLEAR BASICS\r\n', 81),
(258, 'Have less knowledge and not having proper communication skills', 491),
(259, 'Communication is good and need to improve technical skills, and need to avoid the fear ness ', 323),
(260, 'Ca do better in communications and seems nervous.', 532),
(261, 'Need to clear basics', 409),
(262, 'resume correction, self intro preparation.', 358),
(263, 'Needs improvement in technical and communication skills.', 431),
(264, 'Was siilent for the hald of the time. Not able to answer the questions', 339),
(265, 'Good intro.good knowledge in base technical skills. good understanding on the project and explained well with the details. need to add little details in resume. but overall good attitude. can improve on behavioral questions part. suggestion is to look for different scenarios', 488),
(266, 'Can do better in communications. ', 334),
(267, 'need to improve technical skills, and communication, avoid the fear ness', 423),
(268, 'lacks clarity on what he need, knowledge on present trends, resume need enhancements', 380),
(269, 'Confident and clear about what she is speaking and have knowledge on technologies\r\n', 312),
(270, 'Better in communications. Good in technical skills.', 135),
(271, 'lacking in technical skills and not prepared for interview, improve the communication ', 423),
(272, 'Have to improve a lot on technical skills. can improve on self intro. need few corrections on resume. need to improve the types of response for the interviewer. already given feedback on the scope of improvements', 338),
(273, 'Needs a lot of improvement in technical skills.', 306),
(274, 'Not able to answer the common questions', 328),
(275, 'Good in communications. But mentioned other goals which are not related to job. Informed candidate already.', 396),
(276, 'Need to clear the IT Basics more', 482),
(277, 'Lack of clarity on what they need and capable of\r\nresume enhancement, confidence while they speak and introduce them selves\r\n', 325),
(278, 'better in communication. No need to mention marks in introduction.', 386),
(279, 'Overall performance was good, was confident and clear', 492),
(280, 'Resume needs to be updated and with fonts. work on basics on technical. great attitude on behavioral part. ', 498),
(281, 'Good with communication and able to clearly explain things. Needs improvement in technical skills.', 319),
(282, 'Resume correction, good communication skills.', 489),
(283, '', 481),
(284, 'Didn\'t ask for permission to sit.  Can do better communications. Need more training.', 370),
(285, 'Was confident but didnt express herself correctly, no communication ', 526),
(286, 'learn for more concepts in technical ', 503),
(287, 'Think before you speak, rich in confidence.\r\n', 145),
(288, 'Needs to clear basics\r\n', 266),
(289, 'Candidate is good with explanation and eager to learn things. Needs to work on resume preparation and behavioral questions.', 432),
(290, 'Good in communications. Have clarity in thoughts.\r\nGood in technical skills.', 456),
(291, 'Was confident and clear ', 446),
(292, 'Was confident and clear but lacking in critical thinking', 446),
(293, 'Candidate has very good communication skills and technical skills. Very clear in explanation of projects. Eager to learn new technologies.', 365),
(294, 'fumbled on self intro part. good on tech part. but need to focus on scenarios for behavioral question. lack of understanding observed for behavioral question. but overall can be improved. feedback is been provided', 494),
(295, 'Good In communications. But answers are very short. Can be explained in detail.', 478),
(296, 'Needs to clear basics', 408),
(297, 'lacking technical skills, need to improve communication ', 503),
(298, '', 322),
(299, 'should get out of his comfort zone, should practice on knowing themselves', 367),
(300, 'Great Intro. good skills in technical aspect. has a strong base on technical aspect. can research on different scenarios on how to tackle the situations', 447),
(301, 'Superconfident and was able to express her self clearly.', 433),
(302, 'Directly sat without permission. Can do better in communications. Need more preperation in technical side', 496),
(303, 'Needs to learn alot and Dress, Shave is mandatory when going to an interview', 290),
(304, 'Confident in answering questions and eager to learn things and able to explain things clearly.', 371),
(305, 'Good intro. But lacks a lot in technical skills. Need more preperation. Weak in communication.', 476),
(306, 'Confident, have no skills just mentioned whatever camme to his mind. RESUME is not good unable to answer the aptitude questions he  got right in the exam', 285),
(307, 'need to improve technical and need to improve communication and need to prepare well for interview', 483),
(308, 'Good start but no confidence. not confident on answering the behavioral question. good knowledge on mentioned technicalities. can be improved. recommended to hone the skills and be confident. need to do lot\'s on research on behavioral questions', 415),
(309, 'Needs more focus on resume preparation and need to explain technical projects clearly', 451),
(310, '', 499),
(311, 'Needs to learn alot', 477),
(312, 'Little nervous but good in comms. Able to explain technical skills even though from non IT . Can be groomed to next stage.', 394),
(313, 'Was unable to answer simple questions', 416),
(314, 'she should increase her EQ, she is a great public speaker and good knowledge source, Should concentrate on knowing what is important to her\r\n', 485),
(315, 'poor in communication. but great knowledge on core civil part. great behavioral skill.', 509),
(316, 'Good in comms, but nervous. Good in technical skills.', 303),
(317, 'lacking on communication skill and technical skills , need to avoid fear ness ', 137),
(318, 'Needs to clear basics', 55),
(319, 'Good knowledge and communication skills. Needs focus on Behavioral questions and project work.', 487),
(320, '', 518),
(321, 'good intro. can improve on communication. basics are strong and well explained. need to improve the experience on problem solving skills. feedback provided on the same', 508),
(322, 'Can do better in communication. Looked nervous.', 441),
(323, 'Have knowledge but unable to speak confidently. ', 327),
(324, 'not prefect tell me about yourself, lacking technical skills and communication', 4),
(325, 'Needs confidence and technical knowledge. Resume needs correction.', 43),
(326, 'Need to clear basics', 471),
(327, 'Good in communication Skills. Good in technical skills . had exposure to internship already.', 318),
(328, 'need to improve communication , need to overcome from fear,  lacking in technical skills', 449),
(329, 'Average communication skill. resume can be improved. also, good in core technical but lacking in coding related knowledge. also need to improve on problem solving skills. shared feedback accordingly', 440),
(330, 'Not able to express herself clearly', 504),
(331, 'Needs more understanding on projects, technical skills and behavioral skills. Needs Resume updation.', 486),
(332, 'not prepared for interview, lacking in technical skills, need to improve communication, need to overcome from fear', 51),
(333, 'Good communication skills. Assertion and reasoning is good. Can be groomed to next level.', 470),
(334, 'Needs to clear basics and need to learn alot wrt CSG', 363),
(335, 'Needs focus on technical questions and behavioral questions.', 469),
(336, 'lacking in technical skills, need to improve communication, need to overcome from fear and change the resume format ', 464),
(337, 'can do better in communications. can do better in technologies. can have good posture.', 436),
(338, 'Confident', 438),
(339, 'Needs to learn alot\r\n', 89),
(340, 'Good Intro. but need to practice more on the intro part. good basic knowledge on html. need to improve on java and other skills. need to do research on problem solving skills', 463),
(341, 'lacking in technical skills, need to improve communication, need to overcome from fear', 458),
(342, '', 513),
(343, 'Weak in communications. ', 461),
(344, 'Needs confidence and technical skills about project.', 467),
(345, 'Good communication skills and has less knowledge on technologies', 525),
(346, 'lacking in technical skills, need to improve communication, need to overcome from fear and change  the resume', 87),
(347, 'Needs to learn everything from scratch\r\n', 459),
(348, 'need to improve a lot in communication. improve on technical stand point as well. need to improve on problem solving skills.', 259),
(349, 'Good in communications. Good exposure in technologies. Can be groomed to next level.', 448),
(350, 'Candidate needs a lot of improvement in resume preparation, technical skills and project knowledges as well.', 500),
(351, 'Needs to learn everything', 507),
(352, 'learn basic technical skills perfectly, need to improve communication, need to add the known the technical ', 347),
(353, 'Bad presenting skills, unable to open up for answering', 357),
(354, 'Candidate needs lot of focus on communication and technical answers.', 510),
(355, 'Good in communication. No need to say marks in self intro. Weak in communications. ', 453),
(356, 'can improve on the communications. good basics on technical (java). shared experience on problem solving skill. can be improved on technical aspect. provided feedback on the workaround', 320),
(357, 'Needs to clear basics', 426),
(358, 'no technical skills, don\'t answer any question ', 535),
(359, 'Needs more focus on technical skills and resume correction.', 374),
(360, 'Good in communications. Need to improve technical skills.', 473),
(361, 'Need to clear basics', 460),
(362, 'Have a very good technical knoiwledge but unable to present himself clearly.', 324),
(363, 'lacking in technical skills, need to improve communication, not prepared for interview', 381),
(364, 'good communications and good basic knowledge about the core group. has onsite experience from family background', 537),
(365, 'Needs focus on project knowledge and requires confidence.', 444),
(366, 'Good in communications. Looks confident. Posture is good and eye contact is good. clarity is career path is good.', 514),
(367, 'lacking in technical skills, need to improve communication, need to overcome from fear', 455),
(368, 'Need to clear basics', 445),
(369, 'Have good critical and analytical thinking', 536),
(370, 'Needs more technical knowledge and resume correction.', 501),
(371, 'Good in communications, but little shy in answering questions. Need to improve technical skills.', 465),
(372, 'Need to clear basics', 484),
(373, 'not prepared for interview, lacking in technical skills, need to improve, communication, need to overcome from fear, need to change attitude ', 490),
(374, 'Unable to speak ', 368),
(375, 'Weak in communications. weak in technologies as well.', 450),
(376, 'Needs more confident in speaking and technical skills improvement.', 530),
(377, 'Need to clear basics', 435),
(378, 'lacking in technical skills, need to improve communication, not prepared interview.', 434),
(379, 'Weak in communications. Need to improve confidence.', 388),
(380, 'Needs more confidence and project explanation and resume updation.', 430),
(381, '', 379),
(382, 'lacking in technical skills, need to improve communication, and need to change resume , need to avoid the fear ness', 479),
(383, 'Weak in communications. Weak in technologies. Can do better in curriculum.', 428),
(384, 'Great communication skills. basic questions were answered good. good problem solving skiils', 205),
(385, 'Have great problem solving skills', 389),
(386, 'Candidate is confident in answering but requires more work in behavioral questions.', 342),
(387, 'Good in comms. Have exposure in technologies. Doing hands on project as well. Clarity on what to become is good.\r\n', 385),
(388, 'felt the intro little robotic. need improvement on communication skills. no technical skill and need to focus on the problem solving skills.', 384),
(389, 'no technical skills, need to improve communication, not answering any question ', 414),
(390, 'Unable to communicate', 382),
(391, 'Unable to communicate', 382),
(392, 'Can do better in communications. Looks nervous.\r\nWeak in technologies as well. Need to brush up skills.', 468),
(393, 'Needs more confidence in communication and resume correction.', 420),
(394, 'Unable to speak', 528),
(395, 'not prepared for interview, lacking in communication, lacking technical skills and overcome from fear,\r\n', 454),
(396, '', 529),
(398, 'Lacking in communication & technical skills. Need to learn more.', 404),
(399, 'Need to improve technical skills. Need to face the panel fearlessly.\r\n', 373),
(400, 'Need to improve communication and technical skills.', 309),
(401, 'Need to learn a lot', 429),
(402, 'Need to learn from scratch.', 316),
(403, 'Need to from scratch.', 391),
(404, 'Need to learn from scratch.', 534),
(405, 'Need to learn from scratch.\r\n', 475),
(407, '', 410),
(408, '', 462),
(409, '', 442),
(410, '', 512),
(411, '', 18),
(412, '', 506),
(413, '', 392),
(414, '', 497),
(415, '', 332),
(416, 'Very good candidate. Improve on your resume skills. Focus on body language.', 1),
(417, 'Testing', 2),
(418, '', 3),
(419, '', 3),
(421, 'test', 5),
(422, 'na', 6),
(423, '', 9),
(424, '', 7),
(425, 'GOOD', 543),
(426, 'test', 8);

-- --------------------------------------------------------

--
-- Table structure for table `ims_feedback`
--

CREATE TABLE `ims_feedback` (
  `id` int(11) NOT NULL,
  `cand_id` int(11) NOT NULL,
  `q1_org_level` tinyint(4) DEFAULT NULL,
  `q2_psychometric` tinyint(4) DEFAULT NULL,
  `q3_mock_interview` tinyint(4) DEFAULT NULL,
  `q4_report_useful` tinyint(4) DEFAULT NULL,
  `q5_useful_aspects` text DEFAULT NULL,
  `q6_improvements` text DEFAULT NULL,
  `submitted_at` timestamp NOT NULL DEFAULT current_timestamp(),
  `email` varchar(255) NOT NULL,
  `roll_number` varchar(50) NOT NULL
) ENGINE=InnoDB DEFAULT CHARSET=utf8mb4 COLLATE=utf8mb4_general_ci;

-- --------------------------------------------------------

--
-- Table structure for table `ims_performance_scores`
--

CREATE TABLE `ims_performance_scores` (
  `id` int(11) NOT NULL,
  `cand_id` int(11) NOT NULL,
  `psychometric_score` int(11) DEFAULT NULL CHECK (`psychometric_score` between 0 and 100),
  `communication_score` int(11) DEFAULT NULL CHECK (`communication_score` between 0 and 100),
  `technical_score` int(11) DEFAULT NULL CHECK (`technical_score` between 0 and 100),
  `behavioral_score` int(11) DEFAULT NULL CHECK (`behavioral_score` between 0 and 100),
  `created_at` timestamp NOT NULL DEFAULT current_timestamp(),
  `comment_psy` varchar(255) DEFAULT NULL,
  `comment_comm` varchar(255) DEFAULT NULL,
  `comment_tech` varchar(255) DEFAULT NULL,
  `comment_behav` varchar(255) DEFAULT NULL,
  `final_comment` text DEFAULT NULL
) ENGINE=InnoDB DEFAULT CHARSET=utf8mb4 COLLATE=utf8mb4_general_ci;

--
-- Dumping data for table `ims_performance_scores`
--

INSERT INTO `ims_performance_scores` (`id`, `cand_id`, `psychometric_score`, `communication_score`, `technical_score`, `behavioral_score`, `created_at`, `comment_psy`, `comment_comm`, `comment_tech`, `comment_behav`, `final_comment`) VALUES
(3, 540, 100, 0, 0, 0, '2025-07-15 22:00:08', 'You have performed Great and just work on the missing parts.', 'You have performed Below Average and needs to take some Soft Skills trainings and communicate in English, more often.', 'You have performed Below Average and needs to take some Technical/Aptitude Skill trainings and practice, more often.', 'You have performed Below Average and needs to take some Behavioral Skills trainings and practice, more often.', 'You have performed Below Average and needs to take some Technical/Behavioral Skills trainings and practice, regularly. Utilize the resources available in college as well as connect with your TPO & mentors at SPECANCIENS for further assistance.'),
(4, 541, 100, 0, 0, 0, '2025-07-28 16:02:25', 'You have performed Great and just work on the missing parts.', 'You have performed Below Average and needs to take some Soft Skills trainings and communicate in English, more often.', 'You have performed Below Average and needs to take some Technical/Aptitude Skill trainings and practice, more often.', 'You have performed Below Average and needs to take some Behavioral Skills trainings and practice, more often.', 'You have performed Below Average and needs to take some Technical/Behavioral Skills trainings and practice, regularly. Utilize the resources available in college as well as connect with your TPO & mentors at SPECANCIENS for further assistance.'),
(5, 542, 100, 0, 0, 0, '2025-07-28 16:50:22', 'You have performed Great and just work on the missing parts.', 'You have performed Below Average and needs to take some Soft Skills trainings and communicate in English, more often.', 'You have performed Below Average and needs to take some Technical/Aptitude Skill trainings and practice, more often.', 'You have performed Below Average and needs to take some Behavioral Skills trainings and practice, more often.', 'You have performed Below Average and needs to take some Technical/Behavioral Skills trainings and practice, regularly. Utilize the resources available in college as well as connect with your TPO & mentors at SPECANCIENS for further assistance.'),
(6, 544, 100, 0, 0, 0, '2025-09-06 16:12:25', 'You have performed Great and just work on the missing parts.', 'You have performed Below Average and needs to take some Soft Skills trainings and communicate in English, more often.', 'You have performed Below Average and needs to take some Technical/Aptitude Skill trainings and practice, more often.', 'You have performed Below Average and needs to take some Behavioral Skills trainings and practice, more often.', 'You have performed Below Average and needs to take some Technical/Behavioral Skills trainings and practice, regularly. Utilize the resources available in college as well as connect with your TPO & mentors at SPECANCIENS for further assistance.');

-- --------------------------------------------------------

--
-- Table structure for table `ims_psychometric_attempts`
--

CREATE TABLE `ims_psychometric_attempts` (
  `id` int(11) NOT NULL,
  `student_id` int(11) NOT NULL,
  `total_auto_score` int(11) DEFAULT 0,
  `status` enum('in_progress','submitted') DEFAULT 'in_progress',
  `created_at` timestamp NOT NULL DEFAULT current_timestamp(),
  `submitted_at` timestamp NULL DEFAULT NULL
) ENGINE=InnoDB DEFAULT CHARSET=utf8mb4 COLLATE=utf8mb4_general_ci;

--
-- Dumping data for table `ims_psychometric_attempts`
--

INSERT INTO `ims_psychometric_attempts` (`id`, `student_id`, `total_auto_score`, `status`, `created_at`, `submitted_at`) VALUES
(5, 7, 0, 'in_progress', '2025-09-22 17:06:51', NULL),
(6, 1, 0, 'in_progress', '2025-09-23 05:43:40', NULL);

-- --------------------------------------------------------

--
-- Table structure for table `ims_psychometric_attempt_items`
--

CREATE TABLE `ims_psychometric_attempt_items` (
  `id` int(11) NOT NULL,
  `attempt_id` int(11) NOT NULL,
  `question_id` int(11) NOT NULL,
  `correct_answer` char(1) NOT NULL,
  `answer` char(1) DEFAULT NULL,
  `is_correct` tinyint(1) DEFAULT 0,
  `points` int(11) DEFAULT 1,
  `position` int(11) DEFAULT 0
) ENGINE=InnoDB DEFAULT CHARSET=utf8mb4 COLLATE=utf8mb4_general_ci;

-- --------------------------------------------------------

--
-- Table structure for table `ims_psychometric_questions`
--

CREATE TABLE `ims_psychometric_questions` (
  `id` int(11) NOT NULL,
  `question_text` text NOT NULL,
  `option_a` varchar(255) NOT NULL,
  `option_b` varchar(255) NOT NULL,
  `option_c` varchar(255) NOT NULL,
  `option_d` varchar(255) NOT NULL,
  `correct_answer` char(1) NOT NULL,
  `points` int(11) DEFAULT 1
) ENGINE=InnoDB DEFAULT CHARSET=utf8mb4 COLLATE=utf8mb4_general_ci;

--
-- Dumping data for table `ims_psychometric_questions`
--

INSERT INTO `ims_psychometric_questions` (`id`, `question_text`, `option_a`, `option_b`, `option_c`, `option_d`, `correct_answer`, `points`) VALUES
(1, 'When faced with a complex problem, what is your first instinct?', 'To break it down into smaller, manageable parts.', 'To seek advice from others.', 'To brainstorm all possible solutions at once.', 'To look for a similar problem you have solved before.', 'A', 1),
(2, 'How do you prefer to handle an unexpected change in a plan?', 'I find a new plan immediately and adapt.', 'I become stressed and prefer to stick to the original plan.', 'I welcome the change as an opportunity for innovation.', 'I wait to see what others will do before making a move.', 'A', 1),
(3, 'In a team setting, which role do you naturally gravitate towards?', 'The one who organizes tasks and deadlines.', 'The one who contributes creative ideas.', 'The one who ensures everyone\'s voice is heard.', 'The one who provides the technical expertise.', 'D', 1),
(4, 'When you receive critical feedback, your first reaction is to:', 'Analyze it objectively to find areas for improvement.', 'Feel defensive and disagree with the critique.', 'Ask for more details to understand the full context.', 'Immediately apologize for any mistakes made.', 'B', 1),
(5, 'How do you typically make an important decision?', 'By carefully weighing all the pros and cons.', 'By trusting your gut feeling.', 'By consulting with a mentor or trusted friend.', 'By delaying the decision until more information is available.', 'C', 1),
(6, 'When you are working on a long-term project, what motivates you most?', 'Seeing the progress being made each day.', 'The challenge of overcoming obstacles.', 'The praise you will receive upon completion.', 'The final result and its impact.', 'A', 1),
(7, 'Which of the following best describes your approach to a new skill?', 'I prefer to learn by doing, even if I make mistakes.', 'I prefer to study the theory and instructions thoroughly first.', 'I seek a teacher or an expert to guide me.', 'I learn best in a group setting with others.', 'B', 1),
(8, 'How do you handle a disagreement with a colleague?', 'I calmly present my point of view with evidence.', 'I avoid confrontation and let them have their way.', 'I escalate the issue to a supervisor.', 'I look for a compromise that satisfies both of us.', 'C', 1),
(9, 'When you are planning an event, what do you focus on most?', 'The big picture and overall vision.', 'The small details and logistical arrangements.', 'The budget and financial constraints.', 'The people who will be attending.', 'C', 1),
(10, 'What is your biggest fear at work?', 'Making a major mistake.', 'Not being recognized for my contributions.', 'Being bored with my tasks.', 'Conflict with a teammate.', 'B', 1),
(11, 'What is your approach to meeting a tight deadline?', 'I work extra hours to ensure the project is finished on time.', 'I prioritize tasks and focus on the most critical ones.', 'I communicate with my supervisor to negotiate an extension.', 'I delegate tasks to my team to lighten my workload.', 'B', 1),
(12, 'How do you react to a sudden change in management or company policy?', 'I am optimistic and see it as a chance for new opportunities.', 'I am cautious and prefer to wait and see how things unfold.', 'I become anxious and worry about the impact on my role.', 'I am resistant and prefer the old way of doing things.', 'D', 1),
(13, 'In a group meeting, you are most likely to:', 'Listen carefully and speak only when you have something important to add.', 'Speak up frequently to share your thoughts and ideas.', 'Ask clarifying questions to ensure you understand everything.', 'Take detailed notes and organize the information for the group.', 'C', 1),
(14, 'When you are learning something new, what do you value most?', 'A clear, step-by-step guide.', 'Hands-on practice and experimentation.', 'The ability to ask questions and get immediate feedback.', 'The opportunity to teach it to someone else.', 'D', 1),
(15, 'Which statement best describes your comfort level with taking risks?', 'I am comfortable taking risks if the potential reward is high.', 'I prefer to play it safe and avoid risks whenever possible.', 'I take calculated risks after careful consideration.', 'I am willing to take risks only if others are doing the same.', 'A', 1),
(16, 'How do you prefer to resolve a conflict?', 'By discussing the issue openly and honestly.', 'By using a mediator to help find a solution.', 'By letting the other person have their way to maintain peace.', 'By walking away from the situation entirely.', 'C', 1),
(17, 'When you are working on a creative project, what drives you?', 'The need to create something unique and original.', 'The desire to meet the project\'s requirements perfectly.', 'The enjoyment of the creative process itself.', 'The recognition you will receive for your work.', 'D', 1),
(18, 'You are given a new, challenging task. Your first action is to:', 'Research the best methods to complete it.', 'Ask a colleague who has done something similar for advice.', 'Start immediately and figure it out as you go.', 'Refuse the task if it seems too difficult.', 'B', 1),
(19, 'How do you handle a situation where you have made a mistake?', 'I acknowledge it, apologize, and work to fix it.', 'I try to hide the mistake to avoid criticism.', 'I look for someone else to blame for the error.', 'I become discouraged and lose confidence in my abilities.', 'A', 1),
(20, 'What is your natural inclination when you see a problem?', 'To identify the root cause of the problem.', 'To think of a quick, temporary fix.', 'To ignore it and hope it resolves itself.', 'To ask someone else to solve it.', 'D', 1),
(21, 'When you are giving a presentation, what is your biggest concern?', 'Forgetting what you want to say.', 'The audience not finding the information useful.', 'Making a factual error.', 'Being judged by others.', 'A', 1),
(22, 'What do you find most difficult to tolerate in others?', 'Laziness or lack of motivation.', 'Disorganization and messiness.', 'Negative attitudes and complaining.', 'Dishonesty or lack of integrity.', 'D', 1),
(23, 'How do you prefer to manage your time and tasks?', 'By creating a detailed schedule and sticking to it.', 'By working on tasks as they come up, without a strict plan.', 'By using a to-do list and prioritizing the most urgent items.', 'By focusing on one task at a time until it\'s complete.', 'C', 1),
(24, 'When you meet new people, you are usually:', 'Reserved and take your time to get to know them.', 'Outgoing and try to make a connection right away.', 'Anxious about making a good first impression.', 'Polite but keep your distance.', 'B', 1),
(25, 'What drives your personal growth?', 'The desire to be the best at what you do.', 'The satisfaction of learning new things.', 'The need to overcome your weaknesses.', 'The feedback and encouragement from others.', 'C', 1),
(26, 'When you are feeling stressed, your first instinct is to:', 'Take a break and relax to clear your mind.', 'Work even harder to get the task done.', 'Talk to someone about what is bothering you.', 'Isolate yourself until the stress passes.', 'B', 1),
(27, 'How do you handle a situation where you are not given enough information to complete a task?', 'You find the missing information yourself.', 'You ask for clarification from the person who assigned the task.', 'You make an educated guess and hope for the best.', 'You put the task aside until the information becomes available.', 'B', 1),
(28, 'What is your preferred way to celebrate success?', 'By sharing the achievement with your team.', 'By enjoying a quiet moment of personal reflection.', 'By treating yourself to a reward.', 'By planning the next goal to achieve.', 'A', 1),
(29, 'When you face a difficult challenge, you are most likely to:', 'Be persistent and keep trying different approaches.', 'Give up and look for an easier solution.', 'Seek help from a colleague or mentor.', 'Blame the circumstances for the difficulty.', 'C', 1),
(30, 'Which best describes your relationship with rules and procedures?', 'I follow them closely and believe they are important.', 'I find them restrictive and prefer to find my own way.', 'I follow them unless I can find a more efficient alternative.', 'I only follow the rules that I agree with.', 'B', 1),
(31, 'How do you approach a task that is repetitive and boring?', 'I find ways to make it more interesting and efficient.', 'I do it as quickly as possible to get it over with.', 'I put it off until the last minute.', 'I ask someone else to do it for me.', 'A', 1),
(32, 'When you are given a project, what is your first step?', 'To create a detailed project plan.', 'To visualize the final outcome.', 'To gather all the necessary resources.', 'To assemble a team to work on it.', 'C', 1),
(33, 'How do you feel about working with people who are different from you?', 'I enjoy it because I can learn from their perspectives.', 'I am uncomfortable and prefer to work with people who are similar to me.', 'I am indifferent as long as they do their job well.', 'I find it challenging but ultimately rewarding.', 'D', 1),
(34, 'What is your main strength in a team?', 'My ability to mediate conflicts.', 'My creative and innovative ideas.', 'My attention to detail and thoroughness.', 'My leadership and organizational skills.', 'B', 1),
(35, 'When you are given constructive criticism, what do you do?', 'You immediately try to implement the suggestions.', 'You feel discouraged and don\'t know what to do next.', 'You ask clarifying questions to understand the feedback better.', 'You justify your actions and explain your reasoning.', 'D', 1),
(36, 'How do you react to a situation where you don\'t know the answer?', 'You admit you don\'t know and ask for help.', 'You try to guess the answer to save face.', 'You stay quiet and hope no one asks you.', 'You quickly look up the answer.', 'A', 1),
(37, 'What is your most effective method for staying organized?', 'A digital calendar and reminder system.', 'A paper planner and to-do lists.', 'Relying on your memory to keep track of everything.', 'A combination of digital tools and physical notes.', 'C', 1),
(38, 'When you are faced with multiple deadlines, you:', 'Get overwhelmed and find it hard to focus.', 'Work on one task at a time until it is complete.', 'Create a plan to tackle them in order of importance.', 'Ask for help to manage the workload.', 'C', 1),
(39, 'What do you believe is most important for a team\'s success?', 'Strong leadership and clear direction.', 'Open communication and trust among members.', 'A shared goal and vision.', 'The right mix of skills and personalities.', 'A', 1),
(40, 'How do you feel about working in a fast-paced environment?', 'You thrive on the energy and excitement.', 'You find it stressful and prefer a slower pace.', 'You are able to adapt but prefer a balanced approach.', 'You are energized by the constant change.', 'B', 1),
(41, 'When you have a new idea, what is your first step?', 'To share it with others for feedback.', 'To keep it to yourself until it is fully developed.', 'To research its feasibility and potential.', 'To start implementing it right away.', 'C', 1),
(42, 'How do you handle a setback or failure?', 'You analyze what went wrong and learn from the experience.', 'You feel defeated and lose motivation.', 'You blame external factors for the failure.', 'You give up and try a different approach.', 'B', 1),
(43, 'What role do you prefer in a group project?', 'The leader who organizes and directs the team.', 'The researcher who finds and compiles information.', 'The writer who articulates the ideas.', 'The presenter who communicates the final result.', 'A', 1),
(44, 'When you are managing a project, what is your biggest strength?', 'Your ability to motivate and inspire the team.', 'Your attention to detail and accuracy.', 'Your ability to anticipate problems and solve them.', 'Your communication and negotiation skills.', 'D', 1),
(45, 'How do you feel about working with a strict deadline?', 'It motivates you to stay focused and productive.', 'It makes you anxious and prone to making mistakes.', 'You find it challenging but manageable.', 'You prefer to work without time pressure.', 'C', 1),
(46, 'When you are leading a team, what is your top priority?', 'Ensuring the project is completed on time and on budget.', 'Developing the skills and potential of your team members.', 'Maintaining a positive and collaborative team environment.', 'Receiving recognition for the team\'s success.', 'D', 1),
(47, 'How do you handle a sudden and unexpected problem?', 'You panic and feel overwhelmed.', 'You stay calm and analyze the situation to find a solution.', 'You ask a more experienced colleague for help.', 'You hope the problem will solve itself.', 'B', 1),
(48, 'What is your preferred method for learning new information?', 'Reading books and articles.', 'Watching videos and tutorials.', 'Attending lectures and seminars.', 'Discussing the topic with others.', 'A', 1),
(49, 'How do you handle a situation where you disagree with a decision made by a superior?', 'You voice your disagreement respectfully and offer an alternative.', 'You accept the decision without question.', 'You go behind their back to find a way to change the decision.', 'You complain to your colleagues about the decision.', 'A', 1),
(50, 'What motivates you most in your work?', 'The intellectual challenge of solving complex problems.', 'The financial compensation and benefits.', 'The positive impact your work has on others.', 'The opportunity for professional growth.', 'C', 1),
(51, 'How do you handle a situation where a colleague is not pulling their weight?', 'You confront them directly and discuss the issue.', 'You talk to your supervisor about the problem.', 'You do their work for them to avoid conflict.', 'You ignore the situation and hope it resolves itself.', 'A', 1),
(52, 'When you are brainstorming, you are most likely to:', 'Come up with a few well-thought-out ideas.', 'Generate a large number of ideas, even if some are unconventional.', 'Focus on the most practical and realistic ideas.', 'Build on the ideas of others in the group.', 'B', 1),
(53, 'What is your biggest concern when starting a new job?', 'Not being able to meet the expectations.', 'Not fitting in with your new colleagues.', 'The work being boring or unfulfilling.', 'The commute being too long.', 'D', 1),
(54, 'How do you feel about public speaking?', 'I am comfortable and confident.', 'I am nervous but can do it if I have to.', 'I avoid it whenever possible.', 'I enjoy it and find it energizing.', 'B', 1),
(55, 'What is your approach to feedback?', 'I actively seek it out to improve my performance.', 'I am receptive to it but prefer to learn on my own.', 'I am sensitive to criticism and prefer positive feedback.', 'I only accept feedback from people I respect.', 'C', 1),
(56, 'When you are working on a team project, you are most likely to:', 'Take on the most challenging tasks.', 'Focus on the details and make sure everything is perfect.', 'Help others when they are struggling.', 'Ensure everyone is working together effectively.', 'D', 1),
(57, 'How do you handle a project that is going over budget?', 'You find ways to cut costs to stay within the budget.', 'You ask for more money to complete the project.', 'You prioritize the most important parts of the project.', 'You stop the project until the budget is resolved.', 'A', 1),
(58, 'What is your natural approach to problem-solving?', 'I use logic and data to find the best solution.', 'I rely on my intuition and past experience.', 'I ask for input from others to get a different perspective.', 'I brainstorm as many solutions as possible.', 'C', 1),
(59, 'When you are in a leadership position, you are most likely to:', 'Make decisions quickly and delegate tasks.', 'Collaborate with the team to make decisions together.', 'Take your time to gather all the facts before making a decision.', 'Let the team make decisions on their own.', 'A', 1),
(60, 'What is your biggest fear when it comes to your career?', 'Not reaching my full potential.', 'Getting stuck in a job I don\'t enjoy.', 'Being replaced by someone more qualified.', 'Not making enough money to live comfortably.', 'C', 1),
(61, 'How do you handle a situation where your work is criticized?', 'I take it personally and feel upset.', 'I listen to the feedback and try to understand it.', 'I defend my work and explain my reasoning.', 'I ask for suggestions on how to improve.', 'B', 1),
(62, 'What is your approach to a new challenge?', 'I am excited to learn and grow.', 'I am hesitant and worry about failure.', 'I am confident in my ability to succeed.', 'I see it as a burden and an obstacle.', 'A', 1),
(63, 'When you are working on a project with a team, you are most likely to:', 'Focus on your assigned tasks.', 'Offer to help others with their tasks.', 'Look for ways to improve the overall process.', 'Encourage your teammates and keep morale high.', 'B', 1),
(64, 'How do you respond to a coworker who is consistently late to meetings?', 'You talk to them privately about your concerns.', 'You ignore it and hope they will change.', 'You bring it up in the meeting to embarrass them.', 'You talk to your supervisor about it.', 'D', 1),
(65, 'What is your main strength in a team setting?', 'My ability to mediate conflicts.', 'My creativity and innovative ideas.', 'My attention to detail and thoroughness.', 'My leadership and organizational skills.', 'B', 1),
(66, 'When you are faced with a difficult situation, your first instinct is to:', 'Seek out a mentor or trusted advisor.', 'Rely on your own experience and instincts.', 'Research the problem to find a solution.', 'Take a break to clear your head.', 'C', 1),
(67, 'How do you handle a project that is behind schedule?', 'You work extra hours to catch up.', 'You ask for an extension on the deadline.', 'You identify the reason for the delay and find a solution.', 'You give up and accept that it will be late.', 'A', 1),
(68, 'What is your biggest challenge in a work environment?', 'Communicating effectively with others.', 'Staying motivated on long projects.', 'C. Managing multiple tasks at once.', 'Dealing with difficult personalities.', 'C', 1),
(69, 'When you are working on a team, you are most likely to:', 'Take charge and lead the group.', 'Follow the instructions of the leader.', 'Offer new and innovative ideas.', 'Help others with their tasks.', 'D', 1),
(70, 'How do you feel about working in a highly structured environment?', 'I appreciate the clear guidelines and expectations.', 'I find it restrictive and prefer more freedom.', 'I am indifferent as long as I can get my work done.', 'I find it stifling to my creativity.', 'A', 1),
(71, 'What is your preferred method for receiving feedback?', 'In a private, one-on-one meeting.', 'In a public group setting.', 'In a written report or email.', 'In a casual conversation.', 'B', 1),
(72, 'How do you handle a colleague who is constantly seeking your help?', 'You are happy to help them whenever they ask.', 'You help them but also teach them to do it themselves.', 'You tell them you are too busy to help.', 'You talk to your supervisor about the situation.', 'C', 1),
(73, 'When you are presented with a new tool or software, what do you do?', 'You read the manual and follow the instructions carefully.', 'You jump in and start using it to see how it works.', 'You ask a colleague to show you how to use it.', 'You avoid using it until you have to.', 'D', 1),
(74, 'How do you handle a project that is not going as planned?', 'You re-evaluate the plan and make adjustments.', 'You continue with the original plan and hope it works out.', 'You ask for help from a senior colleague.', 'You give up and move on to a new project.', 'A', 1),
(75, 'What is your most effective method for staying motivated?', 'Setting small, achievable goals.', 'Rewarding yourself for your hard work.', 'Thinking about the big picture and the final outcome.', 'Getting encouragement and praise from others.', 'C', 1),
(76, 'When you are leading a team, you are most likely to:', 'Ensure everyone\'s voice is heard.', 'Focus on getting the job done as quickly as possible.', 'Take control and make all the decisions.', 'Let the team work things out on their own.', 'A', 1),
(77, 'How do you handle a situation where you are not given credit for your work?', 'You politely and professionally point it out.', 'You get angry and confront the person.', 'You let it go and hope it doesn\'t happen again.', 'You talk to your supervisor about the situation.', 'D', 1),
(78, 'What is your approach to a new and unfamiliar task?', 'You research it thoroughly before you start.', 'You try to find someone who has done it before.', 'You break it down into smaller, more manageable steps.', 'You start immediately and learn as you go.', 'B', 1),
(79, 'How do you handle a colleague who is constantly negative?', 'You avoid them as much as possible.', 'You try to be a positive influence and cheer them up.', 'You talk to your supervisor about the issue.', 'You ignore their negativity and focus on your work.', 'A', 1),
(80, 'What is your biggest strength when working in a group?', 'Your ability to organize and lead the group.', 'Your willingness to listen to everyone\'s ideas.', 'Your creative and innovative thinking.', 'Your ability to mediate conflicts.', 'C', 1),
(81, 'When you are given a new project, you are most likely to:', 'Come up with a detailed plan and schedule.', 'Start working on it immediately and improvise.', 'Ask for a deadline and a clear set of instructions.', 'Delegate the tasks to others.', 'C', 1),
(82, 'How do you feel about working with a team?', 'I enjoy it and find it more productive than working alone.', 'I prefer to work independently.', 'I find it challenging to work with others.', 'I am indifferent as long as the work gets done.', 'A', 1),
(83, 'What is your biggest weakness at work?', 'I am too much of a perfectionist.', 'I have a hard time saying no to new tasks.', 'I struggle with public speaking.', 'I am not good at managing my time.', 'C', 1),
(84, 'How do you handle a situation where you are in over your head?', 'You ask for help from a superior or mentor.', 'You try to figure it out on your own.', 'You get stressed and feel like giving up.', 'You ask for a different task that is more suitable for you.', 'A', 1),
(85, 'What motivates you most in a team environment?', 'The opportunity to learn from others.', 'The satisfaction of achieving a common goal.', 'The recognition you receive for your contribution.', 'The social aspect of working with others.', 'D', 1),
(86, 'When you are faced with a difficult decision, what do you do?', 'You rely on your gut feeling.', 'You analyze all the pros and cons.', 'You ask for advice from others.', 'You put off the decision until the last minute.', 'B', 1),
(87, 'How do you handle a mistake made by a colleague?', 'You help them fix it without judgment.', 'You point it out and let them fix it.', 'You talk to your supervisor about the mistake.', 'You ignore it and hope it goes unnoticed.', 'C', 1),
(88, 'What is your preferred method for staying focused on a task?', 'By working in a quiet, distraction-free environment.', 'By listening to music or a podcast.', 'By taking short breaks every hour.', 'By breaking the task into smaller parts.', 'D', 1),
(89, 'When you are given a deadline, you are most likely to:', 'Finish the work well before the deadline.', 'Finish the work right on the deadline.', 'Ask for an extension if you need more time.', 'Turn in the work late if you are not satisfied with it.', 'C', 1),
(90, 'How do you feel about working on multiple projects at once?', 'I thrive on the challenge and enjoy the variety.', 'I find it stressful and prefer to focus on one thing at a time.', 'I am able to manage it but prefer a single focus.', 'I find it disorganized and inefficient.', 'A', 1),
(91, 'What is your biggest strength in a new situation?', 'My ability to adapt quickly.', 'My ability to stay calm under pressure.', 'My ability to make new friends.', 'My ability to analyze the situation and find a solution.', 'C', 1),
(92, 'How do you handle a colleague who is struggling with their work?', 'You offer to help them and provide support.', 'You talk to a supervisor about the situation.', 'You let them figure it out on their own.', 'You offer constructive criticism.', 'D', 1),
(93, 'What is your approach to a new responsibility?', 'You are excited to learn and take on a new challenge.', 'You are hesitant and worry about not being able to handle it.', 'You accept it but prefer to stick to what you know.', 'You ask for a more detailed job description.', 'B', 1),
(94, 'When you are working on a project, you are most likely to:', 'Focus on the big picture and the final outcome.', 'Focus on the details and make sure everything is perfect.', 'Focus on the process and how to make it more efficient.', 'Focus on the team and making sure everyone is happy.', 'D', 1),
(95, 'How do you feel about working independently?', 'I enjoy it and find it more productive.', 'I prefer to work in a team.', 'I am indifferent as long as the work gets done.', 'I find it lonely and isolating.', 'C', 1),
(96, 'What motivates you most to go above and beyond at work?', 'The desire for a promotion or raise.', 'The feeling of satisfaction from a job well done.', 'The praise and recognition from your boss.', 'The opportunity to learn a new skill.', 'A', 1),
(97, 'How do you handle a situation where you are asked to do something unethical?', 'You refuse and report it to your supervisor.', 'You do it but feel guilty about it.', 'You find a way to avoid doing it without causing trouble.', 'You go along with it and don\'t think about it.', 'A', 1),
(98, 'When you are giving a presentation, what is your biggest concern?', 'Forgetting what you want to say.', 'The audience not finding the information useful.', 'Making a factual error.', 'Being judged by others.', 'B', 1),
(99, 'What is your approach to a new work task?', 'You tackle it head-on without any preparation.', 'You plan out every step before you begin.', 'You ask a colleague to help you with it.', 'You research it on your own.', 'C', 1),
(100, 'How do you handle a long-term project?', 'You break it down into smaller, manageable milestones.', 'You work on it consistently for a few hours each day.', 'You work on it in bursts of intense activity.', 'You procrastinate until the deadline is near.', 'D', 1);

-- --------------------------------------------------------

--
-- Table structure for table `ims_questions`
--

CREATE TABLE `ims_questions` (
  `question_id` int(10) NOT NULL,
  `question` text DEFAULT NULL,
  `category` varchar(50) NOT NULL DEFAULT 'General'
) ENGINE=InnoDB DEFAULT CHARSET=latin1 COLLATE=latin1_swedish_ci;

--
-- Dumping data for table `ims_questions`
--

INSERT INTO `ims_questions` (`question_id`, `question`, `category`) VALUES
(1, 'Panel #', 'General'),
(2, 'Tell me about yourself, other than technical competencies mentioned in your resume.(Check Communication)', 'Communication'),
(3, 'Technical/Aptitude question.', 'Technical'),
(4, 'Behavioral question.', 'Behavioral');

-- --------------------------------------------------------

--
-- Table structure for table `ims_reports`
--

CREATE TABLE `ims_reports` (
  `report_id` int(10) NOT NULL,
  `question_id` int(10) NOT NULL,
  `cand_id` int(10) NOT NULL,
  `result` text DEFAULT NULL,
  `viewed_at` datetime DEFAULT NULL
) ENGINE=InnoDB DEFAULT CHARSET=latin1 COLLATE=latin1_swedish_ci;

--
-- Dumping data for table `ims_reports`
--

INSERT INTO `ims_reports` (`report_id`, `question_id`, `cand_id`, `result`, `viewed_at`) VALUES
(796, 1, 321, '3', NULL),
(797, 2, 321, '6', NULL),
(798, 3, 321, '2', NULL),
(799, 4, 321, '5', NULL),
(800, 1, 317, '2', NULL),
(801, 2, 317, '8', NULL),
(802, 3, 317, '7', NULL),
(803, 4, 317, '8', NULL),
(804, 1, 326, '1', NULL),
(805, 2, 326, '7', NULL),
(806, 3, 326, '7', NULL),
(807, 4, 326, '5', NULL),
(808, 2, 268, '8', NULL),
(809, 3, 268, '2', NULL),
(810, 4, 268, '6', NULL),
(811, 1, 305, '5', NULL),
(812, 2, 305, '9', NULL),
(813, 3, 305, '10', NULL),
(814, 4, 305, '8', NULL),
(815, 1, 308, '2', NULL),
(816, 2, 308, '7', NULL),
(817, 3, 308, '6', NULL),
(818, 4, 308, '5', NULL),
(819, 1, 404, '09', NULL),
(820, 2, 404, '03', NULL),
(821, 3, 404, '01', NULL),
(822, 4, 404, '01', NULL),
(823, 1, 425, '8', NULL),
(824, 2, 425, '4', NULL),
(825, 3, 425, '4', NULL),
(826, 4, 425, '3', NULL),
(827, 1, 398, '1', NULL),
(828, 2, 398, '3', NULL),
(829, 3, 398, '4', NULL),
(830, 4, 398, '5', NULL),
(831, 1, 527, '09', NULL),
(832, 2, 527, '01', NULL),
(833, 1, 524, '3', NULL),
(834, 2, 524, '3', NULL),
(835, 3, 524, '2', NULL),
(836, 4, 524, '3', NULL),
(837, 1, 405, '3', NULL),
(838, 2, 405, '7', NULL),
(839, 3, 405, '2', NULL),
(840, 4, 405, '6', NULL),
(841, 1, 421, '2', NULL),
(842, 2, 421, '4', NULL),
(843, 3, 421, ' 3', NULL),
(844, 4, 421, '2', NULL),
(845, 1, 402, '8', NULL),
(846, 2, 402, '5', NULL),
(847, 3, 402, '4', NULL),
(848, 4, 402, '3', NULL),
(849, 1, 401, '09', NULL),
(850, 2, 401, '01', NULL),
(851, 1, 402, '8', NULL),
(852, 2, 402, '5', NULL),
(853, 3, 402, '4', NULL),
(854, 4, 402, '3', NULL),
(855, 1, 411, '1', NULL),
(856, 2, 411, '3', NULL),
(857, 3, 411, '5', NULL),
(858, 4, 411, '4', NULL),
(859, 1, 419, '10', NULL),
(860, 2, 419, '5', NULL),
(861, 3, 419, '3', NULL),
(862, 4, 419, '6', NULL),
(863, 1, 307, '5', NULL),
(864, 2, 307, '10', NULL),
(865, 3, 307, '6', NULL),
(866, 4, 307, '7', NULL),
(867, 1, 427, '7', NULL),
(868, 2, 427, '6', NULL),
(869, 3, 427, '9', NULL),
(870, 4, 427, '8', NULL),
(871, 1, 311, '3', NULL),
(872, 2, 311, '6', NULL),
(873, 3, 311, '3', NULL),
(874, 4, 311, '4', NULL),
(875, 1, 424, '2', NULL),
(876, 2, 424, '7', NULL),
(877, 3, 424, '8', NULL),
(878, 4, 424, '8', NULL),
(879, 1, 336, '8', NULL),
(880, 2, 336, '5', NULL),
(881, 3, 336, '1', NULL),
(882, 4, 336, '3', NULL),
(883, 1, 340, '09', NULL),
(884, 2, 340, '03', NULL),
(885, 3, 340, '01', NULL),
(886, 4, 340, '01', NULL),
(887, 1, 400, '1', NULL),
(888, 2, 400, '4', NULL),
(889, 3, 400, '4', NULL),
(890, 4, 400, '7', NULL),
(891, 1, 350, '10', NULL),
(892, 2, 350, '5', NULL),
(893, 3, 350, '4', NULL),
(894, 4, 350, '5', NULL),
(895, 1, 397, '3', NULL),
(896, 2, 397, '7', NULL),
(897, 3, 397, '1', NULL),
(898, 4, 397, '2', NULL),
(899, 1, 355, '09', NULL),
(900, 2, 355, '02', NULL),
(901, 3, 355, '01', NULL),
(902, 4, 355, '01', NULL),
(903, 2, 356, '3', NULL),
(904, 3, 356, '3', NULL),
(905, 4, 356, '3', NULL),
(906, 1, 407, '3', NULL),
(907, 2, 407, '5', NULL),
(908, 3, 407, '2', NULL),
(909, 4, 407, '2', NULL),
(910, 1, 406, '1', NULL),
(911, 2, 406, '4', NULL),
(912, 3, 406, '4', NULL),
(913, 4, 406, '5', NULL),
(914, 1, 337, '5', NULL),
(915, 2, 337, '9', NULL),
(916, 3, 337, '10', NULL),
(917, 4, 337, '8', NULL),
(918, 1, 412, '3', NULL),
(919, 2, 412, '7', NULL),
(920, 3, 412, '4', NULL),
(921, 4, 412, '5', NULL),
(922, 1, 341, '2', NULL),
(923, 2, 341, '6', NULL),
(924, 3, 341, '7', NULL),
(925, 4, 341, '8', NULL),
(926, 1, 376, '09', NULL),
(927, 2, 376, '03', NULL),
(928, 3, 376, '01', NULL),
(929, 4, 376, '01', NULL),
(930, 1, 352, '3', NULL),
(931, 2, 352, '8', NULL),
(932, 3, 352, '4', NULL),
(933, 4, 352, '5', NULL),
(934, 1, 335, '2', NULL),
(935, 2, 335, '6', NULL),
(936, 3, 335, '7', NULL),
(937, 4, 335, '4', NULL),
(938, 1, 354, '7', NULL),
(939, 2, 354, '5', NULL),
(940, 3, 354, '6', NULL),
(941, 4, 354, '8', NULL),
(942, 1, 399, '09', NULL),
(943, 1, 330, '8', NULL),
(944, 2, 330, '4', NULL),
(945, 3, 330, '6', NULL),
(946, 4, 330, '2', NULL),
(947, 1, 521, '1', NULL),
(948, 2, 521, '3', NULL),
(949, 3, 521, '3', NULL),
(950, 4, 521, '3', NULL),
(951, 1, 399, '09', NULL),
(952, 1, 141, '5', NULL),
(953, 2, 141, '8', NULL),
(954, 3, 141, '5', NULL),
(955, 4, 141, '9', NULL),
(956, 1, 378, '10', NULL),
(957, 2, 378, '4', NULL),
(958, 3, 378, '4', NULL),
(959, 4, 378, '4', NULL),
(960, 1, 359, '3', NULL),
(961, 2, 359, '6', NULL),
(962, 3, 359, '7', NULL),
(963, 4, 359, '7', NULL),
(964, 1, 329, '8', NULL),
(965, 2, 329, '4', NULL),
(966, 3, 329, '3', NULL),
(967, 4, 329, '1', NULL),
(968, 1, 313, '2', NULL),
(969, 2, 313, '4', NULL),
(970, 3, 313, '7', NULL),
(971, 4, 313, '6', NULL),
(972, 1, 133, '5', NULL),
(973, 2, 133, '6', NULL),
(974, 3, 133, '5', NULL),
(975, 4, 133, '5', NULL),
(976, 1, 10, '1', NULL),
(977, 2, 10, '6', NULL),
(978, 3, 10, '10', NULL),
(979, 4, 10, '6', NULL),
(980, 1, 480, '3', NULL),
(981, 2, 480, '8', NULL),
(982, 3, 480, '6', NULL),
(983, 4, 480, '8', NULL),
(984, 1, 81, '10', NULL),
(985, 2, 81, '3', NULL),
(986, 3, 81, '4', NULL),
(987, 4, 81, '5', NULL),
(988, 1, 81, '10', NULL),
(989, 2, 81, '3', NULL),
(990, 3, 81, '3', NULL),
(991, 4, 81, '3', NULL),
(992, 1, 491, '2', NULL),
(993, 2, 491, '7', NULL),
(994, 3, 491, '7', NULL),
(995, 4, 491, '7', NULL),
(996, 1, 323, '09', NULL),
(997, 2, 323, '06', NULL),
(998, 3, 323, '05', NULL),
(999, 4, 323, '05', NULL),
(1000, 1, 532, '3', NULL),
(1001, 2, 532, '5', NULL),
(1002, 3, 532, '6', NULL),
(1003, 4, 532, '3', NULL),
(1004, 1, 409, '10', NULL),
(1005, 2, 409, '5', NULL),
(1006, 3, 409, '3', NULL),
(1007, 4, 409, '4', NULL),
(1008, 1, 358, '7', NULL),
(1009, 2, 358, '7', NULL),
(1010, 3, 358, '9', NULL),
(1011, 4, 358, '8', NULL),
(1012, 1, 431, '8', NULL),
(1013, 2, 431, '3', NULL),
(1014, 3, 431, '3', NULL),
(1015, 4, 431, '2', NULL),
(1016, 1, 339, '2', NULL),
(1017, 2, 339, '3', NULL),
(1018, 3, 339, '3', NULL),
(1019, 4, 339, '4', NULL),
(1020, 1, 488, '1', NULL),
(1021, 2, 488, '7', NULL),
(1022, 3, 488, '8', NULL),
(1023, 4, 488, '6', NULL),
(1024, 1, 334, '3', NULL),
(1025, 2, 334, '6', NULL),
(1026, 3, 334, '4', NULL),
(1027, 4, 334, '5', NULL),
(1028, 1, 423, '09', NULL),
(1029, 2, 423, '04', NULL),
(1030, 3, 423, '02', NULL),
(1031, 4, 423, '02', NULL),
(1032, 1, 380, '5', NULL),
(1033, 2, 380, '3', NULL),
(1034, 3, 380, '5', NULL),
(1035, 4, 380, '7', NULL),
(1036, 1, 312, '2', NULL),
(1037, 2, 312, '8', NULL),
(1038, 3, 312, '6', NULL),
(1039, 4, 312, '7', NULL),
(1040, 1, 135, '3', NULL),
(1041, 2, 135, '7', NULL),
(1042, 3, 135, '7', NULL),
(1043, 4, 135, '5', NULL),
(1044, 1, 423, '09', NULL),
(1045, 2, 423, '06', NULL),
(1046, 3, 423, '02', NULL),
(1047, 4, 423, '02', NULL),
(1048, 1, 338, '1', NULL),
(1049, 2, 338, '5', NULL),
(1050, 3, 338, '3', NULL),
(1051, 4, 338, '3', NULL),
(1052, 1, 306, '8', NULL),
(1053, 2, 306, '4', NULL),
(1054, 3, 306, '1', NULL),
(1055, 4, 306, '3', NULL),
(1056, 1, 328, '2', NULL),
(1057, 2, 328, '5', NULL),
(1058, 3, 328, '5', NULL),
(1059, 4, 328, '4', NULL),
(1060, 1, 396, '3', NULL),
(1061, 2, 396, '8', NULL),
(1062, 4, 396, '3', NULL),
(1063, 1, 482, '10', NULL),
(1064, 2, 482, '5', NULL),
(1065, 3, 482, '5', NULL),
(1066, 4, 482, '4', NULL),
(1067, 1, 325, '5', NULL),
(1068, 2, 325, '9', NULL),
(1069, 3, 325, '8', NULL),
(1070, 4, 325, '5', NULL),
(1071, 1, 386, '3', NULL),
(1072, 2, 386, '5', NULL),
(1073, 3, 386, '3', NULL),
(1074, 4, 386, '6', NULL),
(1075, 1, 492, '2', NULL),
(1076, 2, 492, '7', NULL),
(1077, 3, 492, '8', NULL),
(1078, 4, 492, '8', NULL),
(1079, 1, 498, '1', NULL),
(1080, 2, 498, '5', NULL),
(1081, 3, 498, '4', NULL),
(1082, 4, 498, '7', NULL),
(1083, 1, 319, '8', NULL),
(1084, 2, 319, '5', NULL),
(1085, 3, 319, '4', NULL),
(1086, 4, 319, '4', NULL),
(1087, 1, 489, '7', NULL),
(1088, 2, 489, '8', NULL),
(1089, 3, 489, '9', NULL),
(1090, 4, 489, '9', NULL),
(1091, 1, 481, '7', NULL),
(1092, 2, 481, '7', NULL),
(1093, 3, 481, '6', NULL),
(1094, 4, 481, '8', NULL),
(1095, 1, 370, '3', NULL),
(1096, 2, 370, '4', NULL),
(1097, 3, 370, '1', NULL),
(1098, 4, 370, '1', NULL),
(1099, 1, 526, '2', NULL),
(1100, 2, 526, '3', NULL),
(1101, 3, 526, '3', NULL),
(1102, 4, 526, '3', NULL),
(1103, 1, 503, '09', NULL),
(1104, 2, 503, '09', NULL),
(1105, 3, 503, '08', NULL),
(1106, 4, 503, '08', NULL),
(1107, 1, 145, '5', NULL),
(1108, 2, 145, '4', NULL),
(1109, 3, 145, '10', NULL),
(1110, 4, 145, '10', NULL),
(1111, 1, 266, '10', NULL),
(1112, 2, 266, '5', NULL),
(1113, 3, 266, '4', NULL),
(1114, 4, 266, '6', NULL),
(1115, 1, 432, '8', NULL),
(1116, 2, 432, '5', NULL),
(1117, 3, 432, '6', NULL),
(1118, 4, 432, '4', NULL),
(1119, 1, 456, '3', NULL),
(1120, 2, 456, '7', NULL),
(1121, 3, 456, '8', NULL),
(1122, 4, 456, '7', NULL),
(1123, 1, 446, '2', NULL),
(1124, 2, 446, '7', NULL),
(1125, 3, 446, '8', NULL),
(1126, 4, 446, '4', NULL),
(1127, 1, 446, '2', NULL),
(1128, 2, 446, '7', NULL),
(1129, 3, 446, '8', NULL),
(1130, 4, 446, '4', NULL),
(1131, 1, 365, '8', NULL),
(1132, 2, 365, '8', NULL),
(1133, 3, 365, '7', NULL),
(1134, 4, 365, '7', NULL),
(1135, 1, 494, '1', NULL),
(1136, 2, 494, '6', NULL),
(1137, 3, 494, '7.5', NULL),
(1138, 4, 494, '5', NULL),
(1139, 1, 478, '3', NULL),
(1140, 2, 478, '7', NULL),
(1141, 3, 478, '5', NULL),
(1142, 4, 478, '5', NULL),
(1143, 1, 408, '10', NULL),
(1144, 2, 408, '5', NULL),
(1145, 4, 408, '2', NULL),
(1146, 1, 503, '09', NULL),
(1147, 2, 503, '05', NULL),
(1148, 3, 503, '04', NULL),
(1149, 4, 503, '04', NULL),
(1150, 1, 322, '7', NULL),
(1151, 2, 322, '3', NULL),
(1152, 3, 322, '3', NULL),
(1153, 4, 322, '5', NULL),
(1154, 1, 367, '5', NULL),
(1155, 2, 367, '6', NULL),
(1156, 3, 367, '7', NULL),
(1157, 4, 367, '8', NULL),
(1158, 1, 447, '1', NULL),
(1159, 2, 447, '8', NULL),
(1160, 3, 447, '8', NULL),
(1161, 4, 447, '7', NULL),
(1162, 1, 433, '2', NULL),
(1163, 2, 433, '8', NULL),
(1164, 3, 433, '7', NULL),
(1165, 4, 433, '7', NULL),
(1166, 1, 496, '3', NULL),
(1167, 2, 496, '5', NULL),
(1168, 3, 496, '2', NULL),
(1169, 4, 496, '2', NULL),
(1170, 1, 290, '10', NULL),
(1171, 2, 290, '3', NULL),
(1172, 3, 290, '3', NULL),
(1173, 4, 290, '2', NULL),
(1174, 1, 371, '8', NULL),
(1175, 2, 371, '5', NULL),
(1176, 3, 371, '5', NULL),
(1177, 4, 371, '6', NULL),
(1178, 1, 476, '3', NULL),
(1179, 2, 476, '6', NULL),
(1180, 3, 476, '1', NULL),
(1181, 4, 476, '2', NULL),
(1182, 1, 285, '2', NULL),
(1183, 2, 285, '2', NULL),
(1184, 3, 285, '2', NULL),
(1185, 4, 285, '8', NULL),
(1186, 1, 483, '09', NULL),
(1187, 2, 483, '06', NULL),
(1188, 3, 483, '04', NULL),
(1189, 1, 415, '1', NULL),
(1190, 2, 415, '6', NULL),
(1191, 3, 415, '6', NULL),
(1192, 4, 415, '3', NULL),
(1193, 1, 451, '8', NULL),
(1194, 2, 451, '4', NULL),
(1195, 3, 451, '3', NULL),
(1196, 4, 451, '3', NULL),
(1197, 1, 499, '7', NULL),
(1198, 2, 499, '5', NULL),
(1199, 3, 499, '3', NULL),
(1200, 4, 499, '8', NULL),
(1201, 1, 477, '10', NULL),
(1202, 2, 477, '2', NULL),
(1203, 3, 477, '1', NULL),
(1204, 4, 477, '1', NULL),
(1205, 1, 394, '3', NULL),
(1206, 2, 394, '7', NULL),
(1207, 3, 394, '5', NULL),
(1208, 4, 394, '7', NULL),
(1209, 1, 416, '2', NULL),
(1210, 2, 416, '4', NULL),
(1211, 3, 416, '2', NULL),
(1212, 4, 416, '6', NULL),
(1213, 1, 485, '5', NULL),
(1214, 2, 485, '7', NULL),
(1215, 3, 485, '8', NULL),
(1216, 4, 485, '10', NULL),
(1217, 1, 509, '1', NULL),
(1218, 2, 509, '2', NULL),
(1219, 3, 509, '8', NULL),
(1220, 4, 509, '7', NULL),
(1221, 1, 303, '3', NULL),
(1222, 2, 303, '7', NULL),
(1223, 3, 303, '7', NULL),
(1224, 4, 303, '7', NULL),
(1225, 1, 137, '09', NULL),
(1226, 2, 137, '04', NULL),
(1227, 3, 137, '04', NULL),
(1228, 4, 137, '03', NULL),
(1229, 1, 55, '10', NULL),
(1230, 2, 55, '5', NULL),
(1231, 3, 55, '5', NULL),
(1232, 4, 55, '5', NULL),
(1233, 1, 487, '8', NULL),
(1234, 2, 487, '6', NULL),
(1235, 3, 487, '7', NULL),
(1236, 4, 487, '6', NULL),
(1237, 1, 518, '7', NULL),
(1238, 2, 518, '5', NULL),
(1239, 3, 518, '8', NULL),
(1240, 4, 518, '9', NULL),
(1241, 1, 508, '1', NULL),
(1242, 2, 508, '6', NULL),
(1243, 3, 508, '8', NULL),
(1244, 4, 508, '6', NULL),
(1245, 1, 441, '3', NULL),
(1246, 2, 441, '5', NULL),
(1247, 3, 441, '4', NULL),
(1248, 4, 441, '6', NULL),
(1249, 1, 327, '2', NULL),
(1250, 2, 327, '5', NULL),
(1251, 3, 327, '8', NULL),
(1252, 4, 327, '6', NULL),
(1253, 1, 4, '09', NULL),
(1254, 2, 4, '02', NULL),
(1255, 3, 4, '02', NULL),
(1256, 4, 4, '02', NULL),
(1257, 1, 43, '8', NULL),
(1258, 2, 43, '4', NULL),
(1259, 3, 43, '1', NULL),
(1260, 4, 43, '3', NULL),
(1261, 1, 471, '10', NULL),
(1262, 2, 471, '3', NULL),
(1263, 3, 471, '2', NULL),
(1264, 4, 471, '2', NULL),
(1265, 1, 318, '3', NULL),
(1266, 2, 318, '8', NULL),
(1267, 3, 318, '5', NULL),
(1268, 4, 318, '6', NULL),
(1269, 1, 449, '09', NULL),
(1270, 2, 449, '05', NULL),
(1271, 3, 449, '04', NULL),
(1272, 4, 449, '03', NULL),
(1273, 1, 440, '1', NULL),
(1274, 2, 440, '5', NULL),
(1275, 3, 440, '7', NULL),
(1276, 4, 440, '5', NULL),
(1277, 1, 504, '2', NULL),
(1278, 2, 504, '4', NULL),
(1279, 3, 504, '7', NULL),
(1280, 4, 504, '5', NULL),
(1281, 1, 486, '8', NULL),
(1282, 2, 486, '5', NULL),
(1283, 3, 486, '2', NULL),
(1284, 4, 486, '2', NULL),
(1285, 1, 51, '09', NULL),
(1286, 2, 51, '06', NULL),
(1287, 3, 51, '03', NULL),
(1288, 4, 51, '03', NULL),
(1289, 1, 470, '3', NULL),
(1290, 2, 470, '8', NULL),
(1291, 3, 470, '8', NULL),
(1292, 4, 470, '7', NULL),
(1293, 1, 363, '10', NULL),
(1294, 2, 363, '5', NULL),
(1295, 3, 363, '3', NULL),
(1296, 4, 363, '4', NULL),
(1297, 1, 469, '8', NULL),
(1298, 2, 469, '4', NULL),
(1299, 3, 469, '3', NULL),
(1300, 4, 469, '3', NULL),
(1301, 1, 464, '09', NULL),
(1302, 2, 464, '05', NULL),
(1303, 3, 464, '03', NULL),
(1304, 4, 464, '02', NULL),
(1305, 1, 436, '3', NULL),
(1306, 2, 436, '4', NULL),
(1307, 3, 436, '5', NULL),
(1308, 4, 436, '4', NULL),
(1309, 1, 438, '2', NULL),
(1310, 2, 438, '7', NULL),
(1311, 3, 438, '8', NULL),
(1312, 4, 438, '6', NULL),
(1313, 1, 89, '10', NULL),
(1314, 2, 89, '5', NULL),
(1315, 3, 89, '3', NULL),
(1316, 4, 89, '2', NULL),
(1317, 1, 463, '1', NULL),
(1318, 2, 463, '6', NULL),
(1319, 3, 463, '5', NULL),
(1320, 4, 463, '5', NULL),
(1321, 1, 458, '09', NULL),
(1322, 2, 458, '05', NULL),
(1323, 3, 458, '04', NULL),
(1324, 4, 458, '03', NULL),
(1325, 1, 513, '10', NULL),
(1326, 2, 513, '4', NULL),
(1327, 3, 513, '4', NULL),
(1328, 4, 513, '5', NULL),
(1329, 1, 461, '3', NULL),
(1330, 2, 461, '5', NULL),
(1331, 3, 461, '4', NULL),
(1332, 4, 461, '4', NULL),
(1333, 1, 467, '8', NULL),
(1334, 2, 467, '3', NULL),
(1335, 3, 467, '3', NULL),
(1336, 4, 467, '3', NULL),
(1337, 1, 525, '2', NULL),
(1338, 2, 525, '6', NULL),
(1339, 3, 525, '4', NULL),
(1340, 4, 525, '7', NULL),
(1341, 1, 87, '09', NULL),
(1342, 2, 87, '04', NULL),
(1343, 3, 87, '03', NULL),
(1344, 4, 87, '02', NULL),
(1345, 1, 459, '10', NULL),
(1346, 2, 459, '3', NULL),
(1347, 3, 459, '2', NULL),
(1348, 4, 459, '4', NULL),
(1349, 1, 259, '1', NULL),
(1350, 2, 259, '4', NULL),
(1351, 3, 259, '5', NULL),
(1352, 4, 259, '5', NULL),
(1353, 1, 448, '3', NULL),
(1354, 2, 448, '9', NULL),
(1355, 3, 448, '9', NULL),
(1356, 4, 448, '9', NULL),
(1357, 1, 500, '8', NULL),
(1358, 2, 500, '3', NULL),
(1359, 3, 500, '1', NULL),
(1360, 4, 500, '1', NULL),
(1361, 1, 507, '10', NULL),
(1362, 2, 507, '3', NULL),
(1363, 4, 507, '1', NULL),
(1364, 1, 347, '09', NULL),
(1365, 2, 347, '05', NULL),
(1366, 3, 347, '06', NULL),
(1367, 4, 347, '04', NULL),
(1368, 1, 357, '2', NULL),
(1369, 2, 357, '6', NULL),
(1370, 3, 357, '5', NULL),
(1371, 4, 357, '5', NULL),
(1372, 1, 510, '8', NULL),
(1373, 2, 510, '2', NULL),
(1374, 3, 510, '2', NULL),
(1375, 4, 510, '2', NULL),
(1376, 1, 453, '3', NULL),
(1377, 2, 453, '6', NULL),
(1378, 3, 453, '2', NULL),
(1379, 4, 453, '3', NULL),
(1380, 1, 320, '1', NULL),
(1381, 2, 320, '6', NULL),
(1382, 3, 320, '6', NULL),
(1383, 4, 320, '7', NULL),
(1384, 1, 426, '10', NULL),
(1385, 2, 426, '4', NULL),
(1386, 3, 426, '2', NULL),
(1387, 4, 426, '2', NULL),
(1388, 1, 535, '09', NULL),
(1389, 1, 374, '8', NULL),
(1390, 2, 374, '4', NULL),
(1391, 3, 374, '2', NULL),
(1392, 4, 374, '7', NULL),
(1393, 1, 473, '3', NULL),
(1394, 2, 473, '5', NULL),
(1395, 3, 473, '3', NULL),
(1396, 4, 473, '3', NULL),
(1397, 1, 460, '10', NULL),
(1398, 2, 460, '3', NULL),
(1399, 3, 460, '3', NULL),
(1400, 4, 460, '4', NULL),
(1401, 1, 324, '2', NULL),
(1402, 2, 324, '6', NULL),
(1403, 3, 324, '8', NULL),
(1404, 4, 324, '7', NULL),
(1405, 1, 381, '09', NULL),
(1406, 2, 381, '04', NULL),
(1407, 3, 381, '04', NULL),
(1408, 4, 381, '03', NULL),
(1409, 1, 537, '1', NULL),
(1410, 2, 537, '8', NULL),
(1411, 3, 537, '8', NULL),
(1412, 4, 537, '8', NULL),
(1413, 1, 444, '8', NULL),
(1414, 2, 444, '4', NULL),
(1415, 3, 444, '3', NULL),
(1416, 4, 444, '3', NULL),
(1417, 1, 514, '3', NULL),
(1418, 2, 514, '7', NULL),
(1419, 3, 514, '7', NULL),
(1420, 4, 514, '7', NULL),
(1421, 1, 455, '09', NULL),
(1422, 2, 455, '06', NULL),
(1423, 3, 455, '03', NULL),
(1424, 4, 455, '02', NULL),
(1425, 1, 445, '10', NULL),
(1426, 2, 445, '3', NULL),
(1427, 3, 445, '2', NULL),
(1428, 4, 445, '2', NULL),
(1429, 1, 536, '2', NULL),
(1430, 2, 536, '5', NULL),
(1431, 3, 536, '8', NULL),
(1432, 4, 536, '9', NULL),
(1433, 1, 501, '8', NULL),
(1434, 2, 501, '3', NULL),
(1435, 3, 501, '1', NULL),
(1436, 4, 501, '3', NULL),
(1437, 1, 465, '3', NULL),
(1438, 2, 465, '7', NULL),
(1439, 3, 465, '6', NULL),
(1440, 4, 465, '5', NULL),
(1441, 1, 484, '10', NULL),
(1442, 2, 484, '2', NULL),
(1443, 4, 484, '1', NULL),
(1444, 1, 490, '09', NULL),
(1445, 2, 490, '01', NULL),
(1446, 3, 490, '01', NULL),
(1447, 4, 490, '01', NULL),
(1448, 1, 368, '2', NULL),
(1449, 2, 368, '5', NULL),
(1450, 3, 368, '4', NULL),
(1451, 4, 368, '3', NULL),
(1452, 1, 450, '3', NULL),
(1453, 2, 450, '3', NULL),
(1454, 3, 450, '2', NULL),
(1455, 4, 450, '2', NULL),
(1456, 1, 530, '8', NULL),
(1457, 2, 530, '3', NULL),
(1458, 3, 530, '2', NULL),
(1459, 4, 530, '3', NULL),
(1460, 1, 435, '10', NULL),
(1461, 2, 435, '5', NULL),
(1462, 3, 435, '5', NULL),
(1463, 4, 435, '4', NULL),
(1464, 1, 434, '09', NULL),
(1465, 2, 434, '02', NULL),
(1466, 3, 434, '00', NULL),
(1467, 4, 434, '02', NULL),
(1468, 1, 388, '3', NULL),
(1469, 2, 388, '4', NULL),
(1470, 3, 388, '4', NULL),
(1471, 4, 388, '3', NULL),
(1472, 1, 430, '8', NULL),
(1473, 2, 430, '4', NULL),
(1474, 3, 430, '4', NULL),
(1475, 4, 430, '6', NULL),
(1476, 1, 379, '2', NULL),
(1477, 2, 379, '6', NULL),
(1478, 3, 379, '4', NULL),
(1479, 4, 379, '6', NULL),
(1480, 1, 479, '09', NULL),
(1481, 2, 479, '05', NULL),
(1482, 3, 479, '02', NULL),
(1483, 4, 479, '01', NULL),
(1484, 1, 428, '3', NULL),
(1485, 2, 428, '3', NULL),
(1486, 3, 428, '2', NULL),
(1487, 4, 428, '2', NULL),
(1488, 1, 205, '1', NULL),
(1489, 2, 205, '9', NULL),
(1490, 3, 205, '8', NULL),
(1491, 4, 205, '8', NULL),
(1492, 1, 389, '2', NULL),
(1493, 2, 389, '5', NULL),
(1494, 3, 389, '8', NULL),
(1495, 4, 389, '7', NULL),
(1496, 1, 342, '8', NULL),
(1497, 2, 342, '5', NULL),
(1498, 3, 342, '5', NULL),
(1499, 4, 342, '3', NULL),
(1500, 1, 385, '3', NULL),
(1501, 2, 385, '6', NULL),
(1502, 3, 385, '6', NULL),
(1503, 4, 385, '7', NULL),
(1504, 1, 384, '1', NULL),
(1505, 2, 384, '5', NULL),
(1506, 3, 384, '1', NULL),
(1507, 4, 384, '2', NULL),
(1508, 1, 414, '09', NULL),
(1509, 2, 414, '02', NULL),
(1510, 1, 382, '2', NULL),
(1511, 2, 382, '4', NULL),
(1512, 3, 382, '3', NULL),
(1513, 4, 382, '4', NULL),
(1514, 1, 382, '2', NULL),
(1515, 2, 382, '4', NULL),
(1516, 3, 382, '3', NULL),
(1517, 4, 382, '4', NULL),
(1518, 1, 468, '3', NULL),
(1519, 2, 468, '6', NULL),
(1520, 3, 468, '1', NULL),
(1521, 4, 468, '2', NULL),
(1522, 1, 420, '8', NULL),
(1523, 2, 420, '4', NULL),
(1524, 3, 420, '5', NULL),
(1525, 4, 420, '5', NULL),
(1526, 1, 528, '2', NULL),
(1527, 2, 528, '3', NULL),
(1528, 3, 528, '2', NULL),
(1529, 4, 528, '4', NULL),
(1530, 1, 454, '09', NULL),
(1531, 2, 454, '01', NULL),
(1532, 3, 454, '01', NULL),
(1533, 4, 454, '01', NULL),
(1534, 1, 529, '7', NULL),
(1535, 2, 529, '2', NULL),
(1536, 3, 529, '2', NULL),
(1537, 4, 529, '2', NULL),
(1538, 1, 404, '9', NULL),
(1539, 2, 404, '3', NULL),
(1540, 1, 404, '9', NULL),
(1541, 2, 404, '3', NULL),
(1542, 3, 404, '1', NULL),
(1543, 1, 373, '9', NULL),
(1544, 2, 373, '6', NULL),
(1545, 3, 373, '2', NULL),
(1546, 4, 373, '2', NULL),
(1547, 1, 309, '9', NULL),
(1548, 2, 309, '4', NULL),
(1549, 3, 309, '4', NULL),
(1550, 4, 309, '4', NULL),
(1551, 1, 429, '10', NULL),
(1552, 2, 429, '2', NULL),
(1553, 3, 429, '1', NULL),
(1554, 4, 429, '1', NULL),
(1555, 1, 316, '10', NULL),
(1556, 2, 316, '2', NULL),
(1557, 3, 316, '1', NULL),
(1558, 4, 316, '1', NULL),
(1559, 1, 391, '10', NULL),
(1560, 2, 391, '1', NULL),
(1561, 1, 534, '10', NULL),
(1562, 2, 534, '1', NULL),
(1563, 1, 475, '10', NULL),
(1564, 2, 475, '1', NULL),
(1565, 1, 410, '8', NULL),
(1566, 2, 410, '3', NULL),
(1567, 3, 410, '2', NULL),
(1568, 4, 410, '6', NULL),
(1569, 1, 410, '7', NULL),
(1570, 2, 410, '3', NULL),
(1571, 3, 410, '2', NULL),
(1572, 4, 410, '6', NULL),
(1573, 1, 462, '7', NULL),
(1574, 2, 462, '2', NULL),
(1575, 3, 462, '2', NULL),
(1576, 4, 462, '3', NULL),
(1577, 1, 442, '7', NULL),
(1578, 2, 442, '6', NULL),
(1579, 3, 442, '6', NULL),
(1580, 4, 442, '6', NULL),
(1581, 1, 512, '7', NULL),
(1582, 2, 512, '3', NULL),
(1583, 4, 512, '6', NULL),
(1584, 1, 18, '7', NULL),
(1585, 2, 18, '6', NULL),
(1586, 3, 18, '6', NULL),
(1587, 4, 18, '6', NULL),
(1588, 1, 506, '7', NULL),
(1589, 2, 506, '2', NULL),
(1590, 3, 506, '6', NULL),
(1591, 4, 506, '6', NULL),
(1592, 1, 392, '7', NULL),
(1593, 2, 392, '6', NULL),
(1594, 3, 392, '2', NULL),
(1595, 4, 392, '2', NULL),
(1596, 1, 497, '7', NULL),
(1597, 2, 497, '6', NULL),
(1598, 3, 497, '3', NULL),
(1599, 4, 497, '6', NULL),
(1600, 1, 332, '7', NULL),
(1601, 2, 332, '3', NULL),
(1602, 3, 332, '3', NULL),
(1603, 4, 332, '3', NULL),
(1604, 1, 1, '1', NULL),
(1605, 2, 1, '3', NULL),
(1606, 4, 1, 'NA', NULL),
(1607, 1, 2, '10', NULL),
(1608, 2, 2, '4', NULL),
(1609, 3, 2, '6', NULL),
(1610, 4, 2, '5', NULL),
(1611, 1, 3, '30', NULL),
(1617, 1, 5, '1', NULL),
(1618, 2, 5, '10', NULL),
(1619, 3, 5, '6', NULL),
(1620, 4, 5, '5', NULL),
(1622, 1, 6, '3', NULL),
(1623, 2, 6, '2', NULL),
(1624, 3, 6, '10', NULL),
(1625, 4, 6, '6', NULL),
(1627, 1, 9, '10', NULL),
(1628, 2, 9, '8', NULL),
(1629, 3, 9, '9', NULL),
(1630, 4, 9, '8', NULL),
(1632, 1, 7, '10', NULL),
(1633, 2, 7, '6', NULL),
(1634, 3, 7, '3', NULL),
(1635, 4, 7, '2', NULL),
(1636, 22, 7, '8', NULL),
(1637, 1, 543, '5', NULL),
(1638, 2, 543, '5', NULL),
(1639, 3, 543, '5', NULL),
(1640, 4, 543, '4', NULL),
(1641, 22, 543, '5', NULL),
(1642, 1, 8, '11', NULL),
(1643, 2, 8, '7', NULL),
(1644, 3, 8, '7', NULL),
(1645, 4, 8, '7', NULL),
(1646, 22, 8, '7', NULL);

-- --------------------------------------------------------

--
-- Table structure for table `ims_user`
--

CREATE TABLE `ims_user` (
  `user_id` int(10) NOT NULL,
  `user_name` varchar(150) NOT NULL,
  `email` varchar(100) NOT NULL,
  `password` varchar(150) NOT NULL,
  `role` enum('admin','interviewer','student') DEFAULT 'student',
  `cand_id` int(5) DEFAULT NULL
) ENGINE=InnoDB DEFAULT CHARSET=latin1 COLLATE=latin1_swedish_ci;

--
-- Dumping data for table `ims_user`
--

INSERT INTO `ims_user` (`user_id`, `user_name`, `email`, `password`, `role`, `cand_id`) VALUES
(1, 'master', 'master@sa.com', 'e837d1909d2949affa1786648f0359db', 'student', 4),
(5, 'panel', 'panel@sa.com', '7c553a4e8c5800e2e3d64285d9b2c1e6', 'interviewer', NULL),
(6, 'admin', 'admin@sa.com', '29c8cfe68d8fbfa45cf45b2ae8cc82a0', 'admin', NULL),
(7, 'user', 'user@sa.com', 'e837d1909d2949affa1786648f0359db', 'student', NULL);

--
-- Indexes for dumped tables
--

--
-- Indexes for table `ims_candidates`
--
ALTER TABLE `ims_candidates`
  ADD PRIMARY KEY (`cand_id`);

--
-- Indexes for table `ims_comments`
--
ALTER TABLE `ims_comments`
  ADD PRIMARY KEY (`comment_id`),
  ADD KEY `cand_id` (`cand_id`);

--
-- Indexes for table `ims_feedback`
--
ALTER TABLE `ims_feedback`
  ADD PRIMARY KEY (`id`),
  ADD KEY `cand_id` (`cand_id`);

--
-- Indexes for table `ims_performance_scores`
--
ALTER TABLE `ims_performance_scores`
  ADD PRIMARY KEY (`id`),
  ADD KEY `cand_id` (`cand_id`);

--
-- Indexes for table `ims_psychometric_attempts`
--
ALTER TABLE `ims_psychometric_attempts`
  ADD PRIMARY KEY (`id`);

--
-- Indexes for table `ims_psychometric_attempt_items`
--
ALTER TABLE `ims_psychometric_attempt_items`
  ADD PRIMARY KEY (`id`),
  ADD KEY `attempt_id` (`attempt_id`),
  ADD KEY `question_id` (`question_id`);

--
-- Indexes for table `ims_psychometric_questions`
--
ALTER TABLE `ims_psychometric_questions`
  ADD PRIMARY KEY (`id`);

--
-- Indexes for table `ims_questions`
--
ALTER TABLE `ims_questions`
  ADD PRIMARY KEY (`question_id`);

--
-- Indexes for table `ims_reports`
--
ALTER TABLE `ims_reports`
  ADD PRIMARY KEY (`report_id`),
  ADD KEY `question_id` (`question_id`),
  ADD KEY `cand_id` (`cand_id`);

--
-- Indexes for table `ims_user`
--
ALTER TABLE `ims_user`
  ADD PRIMARY KEY (`user_id`);

--
-- AUTO_INCREMENT for dumped tables
--

--
-- AUTO_INCREMENT for table `ims_candidates`
--
ALTER TABLE `ims_candidates`
  MODIFY `cand_id` int(10) NOT NULL AUTO_INCREMENT, AUTO_INCREMENT=545;

--
-- AUTO_INCREMENT for table `ims_comments`
--
ALTER TABLE `ims_comments`
  MODIFY `comment_id` int(10) NOT NULL AUTO_INCREMENT, AUTO_INCREMENT=427;

--
-- AUTO_INCREMENT for table `ims_feedback`
--
ALTER TABLE `ims_feedback`
  MODIFY `id` int(11) NOT NULL AUTO_INCREMENT, AUTO_INCREMENT=5;

--
-- AUTO_INCREMENT for table `ims_performance_scores`
--
ALTER TABLE `ims_performance_scores`
  MODIFY `id` int(11) NOT NULL AUTO_INCREMENT, AUTO_INCREMENT=7;

--
-- AUTO_INCREMENT for table `ims_psychometric_attempts`
--
ALTER TABLE `ims_psychometric_attempts`
  MODIFY `id` int(11) NOT NULL AUTO_INCREMENT, AUTO_INCREMENT=7;

--
-- AUTO_INCREMENT for table `ims_psychometric_attempt_items`
--
ALTER TABLE `ims_psychometric_attempt_items`
  MODIFY `id` int(11) NOT NULL AUTO_INCREMENT, AUTO_INCREMENT=119;

--
-- AUTO_INCREMENT for table `ims_psychometric_questions`
--
ALTER TABLE `ims_psychometric_questions`
  MODIFY `id` int(11) NOT NULL AUTO_INCREMENT, AUTO_INCREMENT=101;

--
-- AUTO_INCREMENT for table `ims_questions`
--
ALTER TABLE `ims_questions`
  MODIFY `question_id` int(10) NOT NULL AUTO_INCREMENT, AUTO_INCREMENT=23;

--
-- AUTO_INCREMENT for table `ims_reports`
--
ALTER TABLE `ims_reports`
  MODIFY `report_id` int(10) NOT NULL AUTO_INCREMENT, AUTO_INCREMENT=1647;

--
-- AUTO_INCREMENT for table `ims_user`
--
ALTER TABLE `ims_user`
  MODIFY `user_id` int(10) NOT NULL AUTO_INCREMENT, AUTO_INCREMENT=8;

--
-- Constraints for dumped tables
--

--
-- Constraints for table `ims_feedback`
--
ALTER TABLE `ims_feedback`
  ADD CONSTRAINT `ims_feedback_ibfk_1` FOREIGN KEY (`cand_id`) REFERENCES `ims_candidates` (`cand_id`);

--
-- Constraints for table `ims_psychometric_attempt_items`
--
ALTER TABLE `ims_psychometric_attempt_items`
  ADD CONSTRAINT `ims_psychometric_attempt_items_ibfk_1` FOREIGN KEY (`attempt_id`) REFERENCES `ims_psychometric_attempts` (`id`) ON DELETE CASCADE,
  ADD CONSTRAINT `ims_psychometric_attempt_items_ibfk_2` FOREIGN KEY (`question_id`) REFERENCES `ims_psychometric_questions` (`id`) ON DELETE CASCADE;
COMMIT;

/*!40101 SET CHARACTER_SET_CLIENT=@OLD_CHARACTER_SET_CLIENT */;
/*!40101 SET CHARACTER_SET_RESULTS=@OLD_CHARACTER_SET_RESULTS */;
/*!40101 SET COLLATION_CONNECTION=@OLD_COLLATION_CONNECTION */;
